# ddmmyyyy,precip_mm,T_max_degC,T_min_degC,rad_MJ_m2
05/04/1992,0.6,26.9,16.6,15.0
06/04/1992,10.7,25.5,12.4,9.9
07/04/1992,0.0,20.6,10.9,9.4
08/04/1992,0.0,21.0,6.8,19.5
09/04/1992,0.0,20.1,8.8,10.3
10/04/1992,0.0,23.8,13.4,14.2
11/04/1992,6.8,20.8,11.1,6.2
12/04/1992,0.0,21.5,8.8,19.1
13/04/1992,0.0,24.2,7.0,17.7
14/04/1992,0.0,25.1,8.9,16.3
15/04/1992,0.0,25.0,8.6,18.6
16/04/1992,0.0,23.7,11.6,16.1
17/04/1992,0.0,24.5,9.5,16.9
18/04/1992,0.0,24.9,10.6,15.1
19/04/1992,0.2,27.0,8.9,17.5
20/04/1992,2.3,23.6,15.6,11.2
21/04/1992,0.0,21.1,16.0,11.7
22/04/1992,0.0,28.0,12.7,16.4
23/04/1992,0.0,23.2,14.0,15.6
24/04/1992,0.0,24.0,11.0,17.1
25/04/1992,0.0,23.1,14.1,11.0
26/04/1992,3.2,18.3,11.6,4.9
27/04/1992,0.1,18.4,15.3,4.9
28/04/1992,0.0,25.3,15.1,10.8
29/04/1992,0.0,23.3,5.3,13.6
30/04/1992,0.1,17.6,7.7,4.8
01/05/1992,0.0,17.2,5.1,11.1
02/05/1992,0.0,12.7,9.7,4.7
03/05/1992,0.0,19.6,5.3,13.1
04/05/1992,0.0,22.0,7.0,9.2
05/05/1992,0.0,27.8,8.8,13.1
06/05/1992,0.0,26.5,5.0,13.7
07/05/1992,0.0,24.6,12.0,11.5
08/05/1992,0.0,23.2,12.5,5.2
09/05/1992,0.0,23.7,12.1,7.7
10/05/1992,0.0,20.7,11.6,5.9
11/05/1992,0.0,27.3,11.8,14.6
12/05/1992,0.0,23.4,13.6,10.7
13/05/1992,0.0,21.0,14.1,7.0
14/05/1992,0.0,22.5,10.1,10.7
15/05/1992,0.0,23.0,11.7,10.8
16/05/1992,0.0,25.0,10.5,12.2
17/05/1992,0.0,21.1,13.2,7.5
18/05/1992,0.5,18.4,12.0,4.3
19/05/1992,0.0,15.2,10.1,4.9
20/05/1992,0.0,17.5,10.0,8.4
21/05/1992,0.0,23.1,5.7,11.2
22/05/1992,0.0,26.6,5.9,14.0
23/05/1992,0.0,17.1,7.8,7.5
24/05/1992,0.0,23.7,7.5,12.6
25/05/1992,0.0,29.0,2.7,14.8
26/05/1992,0.0,29.4,3.7,14.5
27/05/1992,0.2,15.6,6.2,7.4
28/05/1992,0.1,8.1,4.3,4.1
29/05/1992,0.0,12.4,1.4,5.0
30/05/1992,0.0,13.3,2.9,12.6
31/05/1992,0.0,19.3,-1.3,14.0
01/06/1992,0.0,20.2,3.2,11.8
02/06/1992,0.0,20.7,0.6,12.8
03/06/1992,0.0,12.9,2.2,4.0
04/06/1992,0.0,24.1,4.1,8.8
05/06/1992,0.0,26.4,3.6,14.1
06/06/1992,0.0,30.3,3.8,11.9
07/06/1992,0.0,19.8,4.5,12.8
08/06/1992,0.0,20.1,4.2,12.1
09/06/1992,0.0,11.1,8.3,3.9
10/06/1992,0.0,20.3,4.9,12.1
11/06/1992,0.0,13.1,3.2,3.9
12/06/1992,0.0,18.6,9.1,11.0
13/06/1992,0.0,23.8,2.0,13.2
14/06/1992,0.0,23.3,7.6,12.9
15/06/1992,0.0,24.3,7.2,13.0
16/06/1992,0.0,22.2,11.8,8.2
17/06/1992,0.0,23.5,8.2,10.6
18/06/1992,0.0,22.7,9.6,11.2
19/06/1992,0.0,29.5,8.1,10.8
20/06/1992,0.0,27.8,10.0,11.7
21/06/1992,0.0,24.0,9.1,10.0
22/06/1992,0.0,24.1,11.0,12.6
23/06/1992,0.0,22.5,10.4,11.1
24/06/1992,0.0,24.6,8.7,10.2
25/06/1992,0.0,30.5,7.5,8.3
26/06/1992,0.0,25.9,15.0,13.8
27/06/1992,0.0,15.5,6.9,4.0
28/06/1992,0.0,17.7,1.2,13.7
29/06/1992,0.1,8.0,4.1,3.9
30/06/1992,0.0,9.2,4.1,3.9
01/07/1992,0.0,19.0,-1.4,10.3
02/07/1992,0.0,16.0,-0.7,13.8
03/07/1992,0.0,19.1,4.4,15.7
04/07/1992,0.0,27.1,0.3,13.5
05/07/1992,0.3,10.6,4.0,4.0
06/07/1992,0.0,13.1,-1.9,13.8
07/07/1992,0.0,15.8,-2.9,13.3
08/07/1992,0.0,21.0,-2.2,13.7
09/07/1992,0.0,21.0,0.7,13.9
10/07/1992,0.0,24.3,2.2,13.9
11/07/1992,0.0,25.2,4.6,14.1
12/07/1992,0.0,21.3,8.1,6.3
13/07/1992,2.0,18.9,11.1,8.1
14/07/1992,3.2,11.2,4.2,4.1
15/07/1992,0.0,6.9,3.7,4.1
16/07/1992,0.0,7.0,1.0,4.7
17/07/1992,2.0,4.8,0.5,4.2
18/07/1992,0.0,12.6,-4.9,12.6
19/07/1992,0.0,16.7,-3.1,14.2
20/07/1992,0.0,20.8,-2.7,14.3
21/07/1992,0.0,10.2,3.1,4.2
22/07/1992,0.0,6.0,2.1,4.3
23/07/1992,0.0,5.9,1.0,4.3
24/07/1992,0.0,12.0,2.5,11.7
25/07/1992,0.0,15.2,-2.9,13.3
26/07/1992,0.0,17.0,0.3,10.8
27/07/1992,0.0,19.9,-0.8,15.1
28/07/1992,0.0,20.0,1.5,11.7
29/07/1992,0.0,26.6,2.6,15.2
30/07/1992,0.1,18.1,6.6,8.3
31/07/1992,0.0,10.4,4.1,4.5
01/08/1992,0.0,6.9,2.4,4.5
02/08/1992,0.0,11.2,1.6,10.7
03/08/1992,0.0,13.2,-0.1,8.0
04/08/1992,0.0,20.1,-3.3,15.4
05/08/1992,0.0,21.6,0.4,16.4
06/08/1992,0.0,24.5,0.8,16.3
07/08/1992,1.1,21.6,3.1,13.7
08/08/1992,0.0,11.6,5.6,4.7
09/08/1992,0.0,17.2,-2.5,13.4
10/08/1992,0.0,17.9,-0.2,16.1
11/08/1992,0.0,19.0,-0.4,16.2
12/08/1992,0.0,19.2,0.2,16.4
13/08/1992,0.0,20.1,1.1,16.6
14/08/1992,0.0,21.5,1.5,16.3
15/08/1992,0.0,21.7,3.0,12.9
16/08/1992,0.0,24.8,4.6,15.4
17/08/1992,0.0,24.2,7.6,16.1
18/08/1992,0.1,21.6,12.7,10.0
19/08/1992,0.0,22.3,10.5,15.7
20/08/1992,0.0,20.2,8.5,14.7
21/08/1992,0.0,25.9,8.6,17.1
22/08/1992,0.0,29.7,5.1,17.6
23/08/1992,0.0,22.0,8.8,12.7
24/08/1992,0.0,23.6,9.9,13.2
25/08/1992,0.0,26.1,7.6,18.0
26/08/1992,0.0,26.4,8.1,17.4
27/08/1992,0.0,31.2,9.4,17.9
28/08/1992,0.0,28.5,11.3,15.3
29/08/1992,0.0,32.0,12.0,18.4
30/08/1992,0.0,25.6,14.4,18.6
31/08/1992,1.9,14.7,8.5,5.5
01/09/1992,0.0,9.1,3.8,6.5
02/09/1992,0.0,10.1,2.1,6.0
03/09/1992,0.0,15.5,6.0,16.2
04/09/1992,0.0,23.2,-0.9,19.2
05/09/1992,0.0,24.0,4.9,19.2
06/09/1992,0.0,21.9,6.1,16.3
07/09/1992,0.0,20.1,13.1,8.4
08/09/1992,0.0,20.8,7.9,11.9
09/09/1992,0.2,24.0,11.5,15.1
10/09/1992,0.0,20.0,12.1,9.0
11/09/1992,0.0,23.7,9.6,19.1
12/09/1992,0.0,23.7,8.3,14.2
13/09/1992,0.3,17.6,10.6,7.9
14/09/1992,0.0,22.4,7.9,19.2
15/09/1992,0.0,23.4,12.6,19.9
16/09/1992,0.0,26.6,6.0,20.8
17/09/1992,0.0,33.9,6.8,18.3
18/09/1992,0.0,21.0,9.8,11.7
19/09/1992,0.0,24.3,8.6,21.8
20/09/1992,0.0,26.6,6.3,21.6
21/09/1992,0.0,35.0,9.4,22.2
22/09/1992,0.0,23.4,6.9,7.0
23/09/1992,0.0,24.3,11.2,21.4
24/09/1992,0.0,29.9,5.9,22.1
25/09/1992,0.0,18.2,9.2,6.3
26/09/1992,0.0,19.6,6.5,15.8
27/09/1992,0.0,26.2,5.2,22.7
28/09/1992,0.0,23.8,7.8,22.0
29/09/1992,0.0,26.9,7.6,19.2
30/09/1992,0.0,26.9,10.5,8.6
01/10/1992,0.0,32.4,10.1,23.4
02/10/1992,0.4,22.8,11.2,9.2
03/10/1992,0.0,24.6,10.4,19.5
04/10/1992,0.0,26.9,10.0,22.6
05/10/1992,0.8,32.7,11.3,19.4
06/10/1992,0.0,16.1,8.6,6.9
07/10/1992,0.0,22.9,3.3,20.4
08/10/1992,0.0,23.8,9.1,20.9
09/10/1992,0.0,23.5,7.5,23.7
10/10/1992,0.0,28.5,8.0,22.7
11/10/1992,0.0,27.4,14.1,22.5
12/10/1992,0.0,29.8,15.6,21.0
13/10/1992,0.0,24.6,17.2,11.6
14/10/1992,0.0,27.5,15.0,10.9
15/10/1992,0.0,36.0,13.0,22.9
16/10/1992,4.9,25.5,13.4,12.2
17/10/1992,0.2,16.2,11.8,7.0
18/10/1992,0.0,20.6,11.6,9.7
19/10/1992,0.2,27.9,12.1,20.3
20/10/1992,6.2,20.6,11.7,7.1
21/10/1992,0.0,23.4,11.8,17.6
22/10/1992,0.0,28.6,10.2,24.7
23/10/1992,0.0,29.6,13.7,24.2
24/10/1992,0.0,33.1,16.0,18.1
25/10/1992,0.0,34.0,16.9,24.3
26/10/1992,0.0,30.7,18.2,22.5
27/10/1992,0.0,35.1,14.5,22.3
28/10/1992,0.1,25.4,9.3,15.0
29/10/1992,0.0,27.6,5.1,25.7
30/10/1992,0.0,18.5,9.6,7.3
31/10/1992,0.0,25.8,9.4,26.7
01/11/1992,0.0,30.1,8.6,26.5
02/11/1992,0.0,35.5,9.6,25.5
03/11/1992,0.0,25.2,11.9,25.2
04/11/1992,0.0,16.6,7.5,9.0
05/11/1992,0.0,18.3,5.6,7.4
06/11/1992,0.0,23.1,4.9,25.2
07/11/1992,0.0,25.6,6.6,23.8
08/11/1992,0.0,29.7,8.0,27.7
09/11/1992,0.0,30.3,12.1,20.6
10/11/1992,0.0,30.3,12.7,23.4
11/11/1992,1.2,29.5,18.0,19.6
12/11/1992,0.1,24.7,16.9,14.0
13/11/1992,0.0,26.2,17.8,11.4
14/11/1992,0.6,31.9,17.1,21.4
15/11/1992,17.2,24.6,16.6,7.6
16/11/1992,0.0,24.0,16.2,12.2
17/11/1992,0.0,28.0,13.0,21.8
18/11/1992,0.0,29.5,13.5,28.2
19/11/1992,0.8,33.0,14.1,24.5
20/11/1992,0.0,32.4,15.7,27.2
21/11/1992,18.5,25.5,15.7,9.8
22/11/1992,5.8,18.5,14.7,7.7
23/11/1992,0.0,18.1,14.3,7.7
24/11/1992,0.0,24.9,15.5,18.6
25/11/1992,6.5,25.6,15.7,16.5
26/11/1992,0.0,21.4,15.8,11.1
27/11/1992,0.0,25.7,14.4,20.4
28/11/1992,5.0,26.2,13.3,23.6
29/11/1992,0.1,20.4,14.7,9.2
30/11/1992,0.0,28.4,12.0,24.5
01/12/1992,0.2,22.8,15.7,9.6
02/12/1992,0.0,20.4,12.6,8.2
03/12/1992,0.0,25.8,11.5,24.0
04/12/1992,0.0,29.5,13.1,24.1
05/12/1992,0.0,29.7,16.7,26.7
06/12/1992,0.0,25.6,18.0,12.6
07/12/1992,3.6,25.4,18.0,11.9
08/12/1992,0.0,28.3,18.2,18.4
09/12/1992,0.3,28.1,18.2,24.3
10/12/1992,0.0,27.9,15.7,21.1
11/12/1992,0.0,24.3,16.0,12.8
12/12/1992,0.0,28.7,13.8,27.1
13/12/1992,0.0,30.7,14.6,25.0
14/12/1992,2.4,26.9,16.3,14.4
15/12/1992,1.0,21.0,15.0,10.0
16/12/1992,0.0,28.9,17.2,24.2
17/12/1992,0.0,30.1,14.1,25.4
18/12/1992,0.0,29.2,18.8,16.4
19/12/1992,0.0,33.7,15.5,24.3
20/12/1992,0.0,32.2,18.9,24.3
21/12/1992,0.0,31.6,19.7,22.0
22/12/1992,0.0,33.6,19.0,21.3
23/12/1992,28.9,34.9,19.0,20.5
24/12/1992,0.0,24.3,17.2,9.5
25/12/1992,0.0,26.1,18.9,15.9
26/12/1992,1.8,29.1,19.7,13.9
27/12/1992,0.0,28.6,19.3,10.7
28/12/1992,0.0,29.3,18.5,21.3
29/12/1992,10.8,26.6,18.2,10.5
30/12/1992,30.9,28.1,16.2,22.9
31/12/1992,9.8,25.2,17.0,13.0
01/01/1993,14.7,26.2,16.5,14.1
02/01/1993,3.0,24.6,17.7,11.8
03/01/1993,1.1,25.4,17.6,14.4
04/01/1993,0.0,27.3,17.7,22.2
05/01/1993,1.5,29.6,17.9,21.1
06/01/1993,0.0,29.2,15.6,28.0
07/01/1993,7.5,30.2,17.7,18.8
08/01/1993,0.7,24.8,16.8,15.1
09/01/1993,0.0,26.7,14.1,28.0
10/01/1993,0.0,26.7,13.0,28.9
11/01/1993,0.0,28.2,14.5,23.6
12/01/1993,0.0,30.0,15.1,24.6
13/01/1993,0.0,30.4,15.7,25.1
14/01/1993,1.6,30.3,16.6,17.9
15/01/1993,0.0,27.7,18.1,20.5
16/01/1993,28.2,31.4,15.7,25.6
17/01/1993,5.7,25.8,16.8,13.1
18/01/1993,0.0,24.5,16.3,18.2
19/01/1993,0.0,26.7,18.6,13.1
20/01/1993,0.0,27.5,16.9,17.5
21/01/1993,0.0,28.5,17.6,22.2
22/01/1993,17.4,23.4,18.2,7.7
23/01/1993,0.0,29.4,15.6,26.2
24/01/1993,0.0,29.1,18.6,22.9
25/01/1993,0.2,25.0,18.1,17.4
26/01/1993,0.0,25.1,17.3,15.1
27/01/1993,0.0,29.2,16.9,26.3
28/01/1993,28.4,31.3,17.2,23.1
29/01/1993,0.0,26.7,16.2,20.5
30/01/1993,0.0,27.7,16.6,21.5
31/01/1993,49.3,30.0,18.5,19.2
01/02/1993,0.0,25.3,16.6,18.4
02/02/1993,0.0,25.4,16.2,20.2
03/02/1993,9.6,26.4,16.7,19.8
04/02/1993,0.0,27.5,14.9,22.0
05/02/1993,0.4,27.4,16.3,21.8
06/02/1993,1.1,24.2,14.2,15.0
07/02/1993,11.5,16.9,12.0,7.5
08/02/1993,2.0,12.0,8.8,7.6
09/02/1993,0.0,26.9,5.2,26.9
10/02/1993,0.0,26.9,8.7,27.0
11/02/1993,0.0,26.9,10.4,24.7
12/02/1993,9.6,26.0,14.0,13.6
13/02/1993,7.2,27.4,14.8,22.4
14/02/1993,3.5,25.7,14.6,17.9
15/02/1993,1.0,27.1,11.7,22.5
16/02/1993,0.0,26.4,13.1,20.2
17/02/1993,12.1,25.6,13.2,20.5
18/02/1993,10.1,26.6,11.0,20.3
19/02/1993,0.2,27.4,12.0,24.5
20/02/1993,8.7,26.9,15.5,17.9
21/02/1993,2.5,24.0,15.3,19.3
22/02/1993,0.0,22.5,14.6,16.0
23/02/1993,0.0,21.5,15.6,7.4
24/02/1993,0.0,25.6,16.1,20.0
25/02/1993,0.0,25.7,14.4,17.4
26/02/1993,0.0,26.7,15.6,17.5
27/02/1993,0.0,27.9,16.3,21.5
28/02/1993,5.8,29.9,16.1,20.4
01/03/1993,13.0,26.0,18.1,16.5
02/03/1993,9.4,20.2,15.2,6.9
03/03/1993,1.6,19.8,14.1,7.0
04/03/1993,3.6,18.2,14.1,6.8
05/03/1993,0.7,22.3,15.3,10.3
06/03/1993,0.3,21.6,16.1,7.4
07/03/1993,7.5,22.9,15.4,9.4
08/03/1993,0.0,25.9,15.6,18.1
09/03/1993,0.0,25.9,15.6,22.6
10/03/1993,0.0,27.6,16.6,20.4
11/03/1993,0.0,28.1,16.7,16.9
12/03/1993,0.0,29.4,18.5,18.5
13/03/1993,0.0,29.9,19.2,14.0
14/03/1993,0.0,30.3,19.1,17.0
15/03/1993,0.0,30.9,17.7,19.2
16/03/1993,0.6,29.1,18.7,12.6
17/03/1993,0.0,28.1,14.8,19.2
18/03/1993,0.0,29.3,16.6,17.9
19/03/1993,0.5,25.2,14.1,14.8
20/03/1993,1.5,22.9,15.6,7.7
21/03/1993,0.1,21.3,15.2,8.2
22/03/1993,0.0,26.5,14.2,16.9
23/03/1993,0.0,27.1,13.8,21.0
24/03/1993,0.0,27.1,14.1,17.3
25/03/1993,0.0,28.9,15.1,19.7
26/03/1993,0.0,28.3,14.5,20.8
27/03/1993,0.0,27.6,13.0,20.0
28/03/1993,0.4,29.1,13.2,20.3
29/03/1993,9.7,21.6,16.2,6.1
30/03/1993,0.0,20.9,15.2,8.7
31/03/1993,0.0,24.1,14.0,13.4
01/04/1993,0.0,25.1,15.0,19.4
02/04/1993,0.0,28.6,13.9,18.5
03/04/1993,2.1,26.4,15.1,20.4
04/04/1993,0.1,19.9,13.1,7.8
05/04/1993,0.0,16.0,12.7,5.7
06/04/1993,0.0,16.0,11.1,6.3
07/04/1993,0.0,17.1,10.8,8.6
08/04/1993,0.0,23.6,7.0,19.7
09/04/1993,0.0,23.9,7.8,20.4
10/04/1993,0.0,23.2,9.2,17.8
11/04/1993,0.0,24.5,11.5,18.7
12/04/1993,0.0,26.2,9.4,17.6
13/04/1993,0.0,27.6,10.5,19.4
14/04/1993,0.6,27.6,10.5,17.5
15/04/1993,0.0,23.6,13.3,10.2
16/04/1993,0.0,21.0,12.5,7.6
17/04/1993,0.0,26.4,13.6,15.0
18/04/1993,0.0,27.4,12.1,17.0
19/04/1993,0.1,26.3,15.2,7.3
20/04/1993,1.7,20.9,13.9,5.2
21/04/1993,0.8,14.5,10.1,5.1
22/04/1993,0.0,15.4,9.6,5.8
23/04/1993,0.0,17.7,8.3,12.2
24/04/1993,0.0,22.1,8.0,11.6
25/04/1993,0.0,26.8,7.2,14.8
26/04/1993,0.0,24.5,15.8,8.3
27/04/1993,0.0,23.5,14.0,8.8
28/04/1993,3.8,24.1,14.0,10.8
29/04/1993,7.5,21.8,16.5,6.3
30/04/1993,0.4,23.4,13.6,11.7
01/05/1993,0.0,25.0,12.0,15.7
02/05/1993,0.0,26.2,12.1,15.5
03/05/1993,0.0,26.5,10.0,15.1
04/05/1993,0.0,23.0,8.5,12.6
05/05/1993,0.0,15.0,6.6,11.9
06/05/1993,0.0,26.1,0.1,16.9
07/05/1993,0.0,25.4,4.5,11.9
08/05/1993,0.0,24.4,5.5,14.5
09/05/1993,0.0,25.6,9.1,15.1
10/05/1993,0.0,26.1,11.3,14.8
11/05/1993,0.0,23.5,12.9,8.8
12/05/1993,0.0,20.4,14.0,6.0
13/05/1993,0.9,15.5,8.5,4.5
14/05/1993,0.0,17.8,3.9,15.0
15/05/1993,0.0,20.3,1.3,15.7
16/05/1993,0.0,22.4,1.8,15.5
17/05/1993,0.0,22.5,3.0,15.3
18/05/1993,0.0,21.3,5.1,12.8
19/05/1993,0.0,23.7,7.1,15.0
20/05/1993,0.0,25.4,6.8,15.3
21/05/1993,0.0,24.5,12.9,8.8
22/05/1993,0.0,24.7,11.0,11.4
23/05/1993,0.0,26.1,9.4,14.2
24/05/1993,0.2,21.4,7.2,9.0
25/05/1993,0.0,11.7,5.8,4.2
26/05/1993,0.0,9.5,5.0,4.2
27/05/1993,0.0,11.5,3.1,6.0
28/05/1993,0.0,14.9,-1.5,14.4
29/05/1993,0.0,22.6,0.1,13.0
30/05/1993,0.0,19.4,4.2,14.3
31/05/1993,0.0,15.1,1.5,10.8
01/06/1993,0.0,13.0,4.0,6.8
02/06/1993,0.0,18.2,0.9,14.4
03/06/1993,0.0,26.5,-0.5,14.3
04/06/1993,0.0,28.2,2.8,12.9
05/06/1993,0.0,25.0,2.6,13.9
06/06/1993,0.0,26.3,2.2,14.1
07/06/1993,0.0,25.5,6.7,11.8
08/06/1993,0.6,16.3,8.8,4.0
09/06/1993,0.2,10.4,6.5,4.2
10/06/1993,0.0,10.7,6.0,4.7
11/06/1993,0.0,8.5,6.1,3.9
12/06/1993,0.0,14.8,6.3,7.9
13/06/1993,0.0,21.6,1.2,13.8
14/06/1993,0.0,31.0,4.8,11.7
15/06/1993,0.0,19.9,7.1,12.2
16/06/1993,0.0,11.0,5.9,3.9
17/06/1993,0.0,16.7,0.6,13.4
18/06/1993,0.0,20.8,-0.3,13.6
19/06/1993,0.0,21.9,-0.3,13.6
20/06/1993,0.0,25.2,-0.2,13.7
21/06/1993,0.0,29.2,1.3,14.2
22/06/1993,0.0,23.7,3.1,13.5
23/06/1993,0.0,21.4,4.4,12.9
24/06/1993,0.0,18.0,3.0,12.8
25/06/1993,0.0,24.4,10.0,13.2
26/06/1993,0.0,28.4,2.2,12.6
27/06/1993,0.0,27.6,4.1,7.0
28/06/1993,0.0,21.4,6.6,5.6
29/06/1993,0.0,18.7,4.7,9.0
30/06/1993,0.0,19.9,5.0,13.1
01/07/1993,0.0,24.9,5.5,7.3
02/07/1993,0.0,20.4,10.6,4.2
03/07/1993,0.0,16.4,9.9,4.1
04/07/1993,0.0,11.3,7.8,4.0
05/07/1993,1.4,8.0,6.2,4.0
06/07/1993,0.0,10.5,2.8,6.5
07/07/1993,0.0,16.9,-2.7,13.6
08/07/1993,0.0,24.8,-1.6,13.9
09/07/1993,0.0,19.4,3.0,13.6
10/07/1993,0.0,12.5,0.8,4.0
11/07/1993,0.0,15.5,5.3,12.6
12/07/1993,0.1,8.9,5.0,4.1
13/07/1993,0.0,12.4,-2.7,13.3
14/07/1993,0.0,13.9,-4.2,13.4
15/07/1993,0.0,16.9,-3.8,13.6
16/07/1993,0.0,16.8,-2.2,4.1
17/07/1993,0.0,21.5,-1.8,12.9
18/07/1993,0.0,24.8,-0.5,14.7
19/07/1993,0.0,28.4,1.6,14.9
20/07/1993,0.0,32.2,3.7,15.2
21/07/1993,0.0,25.0,9.7,14.9
22/07/1993,0.0,22.2,13.6,11.3
23/07/1993,1.7,22.9,8.2,9.3
24/07/1993,0.2,13.7,9.0,4.3
25/07/1993,0.0,15.3,7.4,12.3
26/07/1993,0.0,21.8,1.1,15.0
27/07/1993,0.0,26.4,1.4,15.0
28/07/1993,3.2,15.1,2.0,4.4
29/07/1993,1.6,2.5,0.1,4.4
30/07/1993,0.0,8.9,0.5,11.8
31/07/1993,0.0,12.6,-4.6,14.3
01/08/1993,0.0,15.6,-3.7,14.2
02/08/1993,0.0,21.1,-1.8,14.9
03/08/1993,0.0,20.3,0.6,16.0
04/08/1993,0.0,24.0,1.5,14.4
05/08/1993,0.0,28.2,3.7,16.9
06/08/1993,0.0,26.6,7.1,15.7
07/08/1993,2.1,26.4,7.7,6.0
08/08/1993,2.0,17.2,5.4,4.7
09/08/1993,0.0,11.8,3.5,6.6
10/08/1993,0.0,16.9,0.4,16.3
11/08/1993,0.0,20.3,4.9,9.2
12/08/1993,2.2,21.9,4.2,16.3
13/08/1993,0.0,21.0,9.2,12.2
14/08/1993,0.0,23.1,3.1,17.0
15/08/1993,0.0,28.3,3.1,16.8
16/08/1993,1.6,19.1,4.0,4.9
17/08/1993,0.0,13.1,3.1,8.2
18/08/1993,0.0,20.1,-0.7,15.8
19/08/1993,0.0,23.4,1.6,16.1
20/08/1993,0.0,22.6,6.1,13.6
21/08/1993,1.5,20.3,11.8,7.5
22/08/1993,0.0,22.0,7.7,13.2
23/08/1993,0.0,25.3,5.6,17.6
24/08/1993,0.0,26.8,6.2,17.7
25/08/1993,0.0,30.0,7.2,18.0
26/08/1993,0.0,32.5,9.2,18.3
27/08/1993,0.0,31.4,11.6,18.2
28/08/1993,0.0,35.9,11.0,18.7
29/08/1993,0.0,31.7,11.9,16.1
30/08/1993,0.8,20.7,5.5,6.7
31/08/1993,0.0,5.5,1.6,5.4
01/09/1993,0.0,11.5,1.6,13.5
02/09/1993,0.0,18.3,-1.5,16.9
03/09/1993,0.0,24.2,3.7,19.3
04/09/1993,0.0,30.9,4.4,19.5
05/09/1993,0.0,33.0,6.2,19.6
06/09/1993,0.0,37.4,6.5,18.1
07/09/1993,0.0,23.8,8.1,11.7
08/09/1993,0.0,18.2,1.2,16.7
09/09/1993,0.0,20.5,1.7,19.3
10/09/1993,0.0,21.9,2.8,19.4
11/09/1993,0.0,22.4,4.5,19.6
12/09/1993,0.1,20.5,6.0,14.4
13/09/1993,0.0,22.7,3.5,16.0
14/09/1993,0.0,26.0,5.0,20.6
15/09/1993,0.0,25.6,6.0,20.1
16/09/1993,0.0,29.8,7.7,21.3
17/09/1993,0.0,32.6,10.0,21.4
18/09/1993,0.0,30.9,10.8,20.7
19/09/1993,0.0,29.8,14.0,19.4
20/09/1993,1.0,22.4,11.9,9.7
21/09/1993,0.0,12.0,8.1,6.2
22/09/1993,0.0,13.3,7.0,7.3
23/09/1993,0.0,13.1,7.5,6.2
24/09/1993,0.4,16.4,8.4,8.3
25/09/1993,0.2,12.0,8.0,6.3
26/09/1993,0.0,19.8,8.1,17.8
27/09/1993,0.0,24.9,3.6,22.6
28/09/1993,0.0,28.9,5.5,22.5
29/09/1993,0.0,27.6,10.1,23.1
30/09/1993,0.0,27.9,6.8,22.9
01/10/1993,0.0,20.6,9.2,15.4
02/10/1993,0.0,16.4,10.2,8.9
03/10/1993,0.0,18.7,9.5,9.8
04/10/1993,0.2,17.7,10.2,9.5
05/10/1993,0.0,24.9,7.9,22.0
06/10/1993,0.0,24.3,6.7,23.7
07/10/1993,0.0,25.9,7.1,23.7
08/10/1993,0.0,30.6,8.1,24.5
09/10/1993,0.0,30.9,8.2,23.2
10/10/1993,0.0,30.3,12.1,18.2
11/10/1993,0.0,32.8,13.8,14.9
12/10/1993,14.5,25.5,14.7,8.0
13/10/1993,0.0,24.3,12.9,15.9
14/10/1993,0.0,28.0,13.6,17.4
15/10/1993,0.0,30.5,12.9,23.1
16/10/1993,0.0,34.9,14.6,24.9
17/10/1993,0.0,29.1,15.0,21.3
18/10/1993,0.0,28.7,11.8,25.5
19/10/1993,0.0,30.4,12.9,24.2
20/10/1993,0.0,28.0,16.0,21.9
21/10/1993,1.1,22.8,18.3,8.3
22/10/1993,0.4,24.0,14.1,16.8
23/10/1993,0.0,18.0,12.4,7.1
24/10/1993,0.2,19.4,12.2,7.5
25/10/1993,0.8,18.8,11.9,9.1
26/10/1993,0.0,18.9,12.1,9.3
27/10/1993,0.0,19.7,12.6,7.2
28/10/1993,0.0,31.0,13.4,24.6
29/10/1993,0.0,32.3,16.7,19.1
30/10/1993,0.0,31.9,19.0,21.0
31/10/1993,2.7,34.5,15.0,25.4
01/11/1993,0.0,19.4,11.6,7.3
02/11/1993,0.0,28.4,8.8,25.3
03/11/1993,0.0,31.9,11.7,26.0
04/11/1993,0.0,32.4,14.9,25.2
05/11/1993,0.0,26.0,17.2,9.7
06/11/1993,0.0,25.8,9.0,21.1
07/11/1993,0.0,26.9,10.6,27.6
08/11/1993,0.0,29.0,10.0,25.2
09/11/1993,0.0,31.9,12.4,24.7
10/11/1993,0.0,32.1,17.4,24.4
11/11/1993,10.6,35.4,17.0,21.5
12/11/1993,0.0,26.6,17.7,12.8
13/11/1993,13.0,29.4,18.0,22.6
14/11/1993,0.2,18.5,15.0,7.6
15/11/1993,0.0,26.9,13.4,24.0
16/11/1993,0.6,27.4,14.0,23.2
17/11/1993,0.0,16.9,11.5,7.6
18/11/1993,0.0,26.1,6.5,27.8
19/11/1993,0.0,28.2,10.6,28.3
20/11/1993,0.0,30.5,12.6,27.1
21/11/1993,0.0,32.5,15.7,25.4
22/11/1993,5.1,27.9,18.2,11.9
23/11/1993,0.2,26.4,18.3,14.2
24/11/1993,0.0,31.0,18.5,23.7
25/11/1993,40.7,32.3,18.8,21.6
26/11/1993,1.5,19.9,13.1,7.7
27/11/1993,0.0,26.6,10.6,28.3
28/11/1993,0.0,26.4,13.0,24.0
29/11/1993,0.0,31.9,13.4,28.5
30/11/1993,0.1,33.4,15.4,24.2
01/12/1993,0.0,22.9,13.3,12.6
02/12/1993,0.0,27.0,11.2,27.4
03/12/1993,0.0,32.5,14.1,28.4
04/12/1993,4.0,36.1,16.5,25.5
05/12/1993,0.1,23.5,13.5,7.8
06/12/1993,0.0,28.5,11.3,27.1
07/12/1993,0.0,30.1,18.6,23.9
08/12/1993,0.1,28.8,21.3,14.4
09/12/1993,15.3,31.6,19.2,19.9
10/12/1993,0.0,29.4,17.8,20.9
11/12/1993,0.0,29.4,18.7,28.3
12/12/1993,0.0,31.4,16.4,27.7
13/12/1993,18.5,32.4,17.6,19.4
14/12/1993,0.0,26.3,18.6,19.2
15/12/1993,0.5,28.1,18.2,20.1
16/12/1993,0.8,23.7,16.5,14.4
17/12/1993,0.0,23.9,16.0,16.2
18/12/1993,0.0,29.0,12.9,26.8
19/12/1993,30.3,31.1,15.2,21.2
20/12/1993,6.8,23.7,15.3,13.0
21/12/1993,0.0,24.3,13.0,19.6
22/12/1993,0.0,27.9,18.6,21.3
23/12/1993,0.0,29.8,15.3,27.7
24/12/1993,0.0,29.3,16.8,19.8
25/12/1993,3.9,29.0,19.2,16.2
26/12/1993,1.0,23.6,18.1,8.3
27/12/1993,0.0,28.6,18.1,20.1
28/12/1993,18.5,27.6,15.2,19.4
29/12/1993,0.2,23.9,14.0,12.0
30/12/1993,0.0,24.7,11.0,22.0
31/12/1993,0.0,28.2,12.6,27.0
01/01/1994,27.8,28.2,15.5,17.4
02/01/1994,0.7,23.9,16.1,13.9
03/01/1994,0.0,26.4,16.3,20.3
04/01/1994,0.0,26.7,13.9,21.5
05/01/1994,0.0,27.1,15.6,15.3
06/01/1994,0.0,29.3,16.2,21.5
07/01/1994,2.5,30.1,16.0,25.2
08/01/1994,2.3,28.3,15.9,23.2
09/01/1994,0.0,26.4,14.8,27.7
10/01/1994,0.0,26.6,15.2,22.7
11/01/1994,0.3,26.6,13.6,17.6
12/01/1994,9.2,31.0,15.8,23.7
13/01/1994,0.0,28.2,18.0,18.6
14/01/1994,0.0,31.2,17.1,27.3
15/01/1994,3.9,33.0,16.3,24.4
16/01/1994,0.0,29.6,17.6,23.2
17/01/1994,7.8,29.6,17.6,22.1
18/01/1994,13.4,23.8,17.9,9.2
19/01/1994,0.0,29.5,17.0,23.3
20/01/1994,2.4,30.4,17.6,24.2
21/01/1994,6.1,25.7,18.1,7.7
22/01/1994,0.2,22.5,16.5,7.9
23/01/1994,2.5,25.9,16.0,11.2
24/01/1994,38.5,30.4,18.1,22.3
25/01/1994,2.3,23.4,17.0,7.7
26/01/1994,0.0,20.8,15.0,8.5
27/01/1994,0.0,26.2,13.7,22.3
28/01/1994,0.0,27.7,13.5,28.4
29/01/1994,0.1,29.8,16.4,27.0
30/01/1994,3.5,27.0,19.6,14.3
31/01/1994,0.2,27.6,18.6,21.5
01/02/1994,0.0,29.5,19.0,22.1
02/02/1994,0.0,30.9,18.6,21.4
03/02/1994,0.0,31.5,21.5,19.3
04/02/1994,17.5,32.2,19.7,18.9
05/02/1994,16.0,20.4,13.0,7.5
06/02/1994,0.2,19.5,11.6,11.0
07/02/1994,0.0,20.9,13.7,7.6
08/02/1994,0.0,24.7,16.0,12.1
09/02/1994,9.6,26.9,16.7,14.2
10/02/1994,6.8,19.6,15.5,7.4
11/02/1994,0.4,21.6,15.0,8.8
12/02/1994,3.1,22.8,17.4,8.4
13/02/1994,8.5,23.5,17.5,8.5
14/02/1994,0.7,26.7,17.8,14.4
15/02/1994,0.0,26.2,17.2,24.2
16/02/1994,16.0,31.8,16.5,24.2
17/02/1994,0.1,23.9,12.2,7.2
18/02/1994,0.0,25.1,9.6,20.6
19/02/1994,0.2,26.1,11.5,24.5
20/02/1994,3.2,26.3,16.8,21.4
21/02/1994,0.8,27.9,14.5,23.9
22/02/1994,11.0,28.2,14.2,20.8
23/02/1994,0.0,27.6,15.1,19.4
24/02/1994,5.0,28.0,13.4,21.5
25/02/1994,10.3,21.4,16.1,7.5
26/02/1994,11.8,21.6,16.9,7.0
27/02/1994,9.7,18.7,16.7,7.0
28/02/1994,0.2,25.9,17.0,19.6
01/03/1994,1.5,26.2,15.4,19.9
02/03/1994,0.0,24.1,17.2,11.4
03/03/1994,0.0,25.7,16.1,18.2
04/03/1994,0.0,26.9,14.0,23.4
05/03/1994,0.0,27.3,16.3,22.0
06/03/1994,0.0,27.3,14.0,23.2
07/03/1994,0.7,26.9,16.8,23.1
08/03/1994,0.0,25.3,16.6,18.1
09/03/1994,0.0,26.0,12.4,24.0
10/03/1994,0.0,28.2,12.3,23.7
11/03/1994,0.0,28.6,12.5,23.2
12/03/1994,3.8,27.1,15.5,16.7
13/03/1994,0.0,28.1,13.7,22.3
14/03/1994,0.1,29.9,15.3,21.6
15/03/1994,17.0,25.0,17.7,10.2
16/03/1994,7.7,18.6,13.0,6.4
17/03/1994,0.0,22.6,12.4,17.3
18/03/1994,0.0,24.0,9.1,22.1
19/03/1994,0.0,27.1,9.9,22.1
20/03/1994,0.0,28.0,11.8,18.7
21/03/1994,0.0,23.9,16.5,12.1
22/03/1994,0.0,24.1,14.2,16.0
23/03/1994,0.0,22.6,12.7,6.8
24/03/1994,3.3,30.4,13.7,20.7
25/03/1994,1.5,23.0,9.5,6.6
26/03/1994,0.0,21.1,10.7,18.7
27/03/1994,0.0,19.6,13.4,9.0
28/03/1994,0.0,27.6,14.5,20.2
29/03/1994,0.9,25.6,16.5,18.6
30/03/1994,0.4,18.1,13.8,5.9
31/03/1994,0.1,21.9,13.6,11.5
01/04/1994,0.0,20.6,14.7,5.9
02/04/1994,0.0,24.0,15.6,8.4
03/04/1994,0.2,25.9,16.0,9.4
04/04/1994,0.1,25.8,19.0,8.3
05/04/1994,6.0,25.4,15.0,11.8
06/04/1994,0.6,15.7,11.8,5.7
07/04/1994,0.0,15.7,11.1,5.6
08/04/1994,0.0,15.1,11.2,5.6
09/04/1994,0.0,19.4,7.4,14.7
10/04/1994,0.0,20.1,10.1,8.5
11/04/1994,2.7,17.1,10.0,5.6
12/04/1994,0.0,18.2,12.5,5.9
13/04/1994,0.0,21.5,13.4,11.5
14/04/1994,0.0,25.0,11.7,18.4
15/04/1994,0.0,22.9,9.6,9.9
16/04/1994,0.0,23.5,13.3,7.6
17/04/1994,2.6,27.0,10.5,16.0
18/04/1994,0.7,20.0,10.5,5.2
19/04/1994,0.0,12.7,9.1,5.2
20/04/1994,0.0,24.3,8.3,14.9
21/04/1994,0.0,23.5,10.2,12.3
22/04/1994,0.0,20.1,8.5,10.9
23/04/1994,0.0,23.2,11.5,14.3
24/04/1994,0.0,23.5,11.0,15.3
25/04/1994,0.0,29.1,9.8,17.9
26/04/1994,0.0,29.3,12.1,16.5
27/04/1994,0.0,32.7,11.4,16.9
28/04/1994,0.4,23.2,13.0,4.9
29/04/1994,0.0,19.0,11.6,6.3
30/04/1994,0.0,24.5,13.5,8.6
01/05/1994,0.0,28.4,12.3,16.8
02/05/1994,0.0,27.4,13.1,12.4
03/05/1994,0.0,29.0,15.2,13.2
04/05/1994,0.0,27.9,16.2,11.1
05/05/1994,0.0,24.3,17.2,6.1
06/05/1994,0.0,26.2,15.6,8.5
07/05/1994,0.0,29.8,12.1,15.7
08/05/1994,1.6,28.2,14.6,12.6
09/05/1994,1.0,19.4,10.6,4.6
10/05/1994,0.0,14.3,10.0,4.5
11/05/1994,0.0,16.6,9.2,6.1
12/05/1994,0.0,17.8,4.4,11.6
13/05/1994,0.0,21.7,3.7,12.6
14/05/1994,0.0,23.9,7.2,13.1
15/05/1994,0.0,24.0,4.6,15.8
16/05/1994,0.0,24.4,8.7,11.4
17/05/1994,0.0,25.5,6.1,15.8
18/05/1994,0.0,26.6,7.0,15.5
19/05/1994,0.0,26.2,9.6,14.3
20/05/1994,0.0,24.5,12.8,12.7
21/05/1994,0.0,26.8,7.7,15.3
22/05/1994,0.0,25.1,9.6,14.7
23/05/1994,0.0,29.4,8.9,11.1
24/05/1994,0.0,30.6,5.7,15.4
25/05/1994,0.0,26.9,10.1,13.6
26/05/1994,0.4,25.3,12.0,12.6
27/05/1994,0.0,17.5,12.2,5.6
28/05/1994,0.0,14.9,11.1,4.1
29/05/1994,0.0,14.5,9.1,4.3
30/05/1994,0.0,16.9,6.5,11.6
31/05/1994,0.0,19.2,9.3,10.8
01/06/1994,0.0,18.5,4.9,10.6
02/06/1994,0.0,20.0,7.8,10.0
03/06/1994,0.0,24.1,5.5,14.3
04/06/1994,0.0,20.5,7.5,11.5
05/06/1994,0.0,20.4,4.6,8.4
06/06/1994,0.2,21.2,4.1,10.7
07/06/1994,0.0,16.2,11.5,4.0
08/06/1994,0.0,19.4,8.0,10.4
09/06/1994,0.0,21.2,4.9,10.0
10/06/1994,0.0,23.1,8.1,11.3
11/06/1994,0.0,24.0,4.0,13.9
12/06/1994,0.0,23.5,6.0,13.9
13/06/1994,0.0,22.3,8.9,13.6
14/06/1994,0.0,24.0,6.4,13.7
15/06/1994,0.0,25.3,7.9,11.9
16/06/1994,0.0,24.3,8.0,13.1
17/06/1994,0.0,27.5,11.9,11.9
18/06/1994,0.0,28.9,11.0,12.0
19/06/1994,0.0,24.5,11.7,12.0
20/06/1994,0.0,22.8,11.1,10.7
21/06/1994,0.0,17.4,7.1,10.0
22/06/1994,0.0,16.7,4.5,5.9
23/06/1994,0.0,17.9,1.6,13.5
24/06/1994,0.0,12.8,2.6,8.5
25/06/1994,0.0,13.6,-2.1,13.1
26/06/1994,0.0,19.1,-4.5,13.2
27/06/1994,0.0,22.0,-2.8,13.9
28/06/1994,0.0,19.5,-1.2,14.1
29/06/1994,0.0,26.6,0.6,11.3
30/06/1994,0.0,20.0,7.1,14.1
01/07/1994,0.0,17.9,-0.5,14.2
02/07/1994,0.0,16.6,-1.3,14.0
03/07/1994,0.0,16.3,3.0,7.4
04/07/1994,0.0,13.4,5.7,5.6
05/07/1994,0.0,13.9,-3.0,13.6
06/07/1994,0.0,13.0,-3.7,12.0
07/07/1994,0.0,12.6,-3.2,9.0
08/07/1994,0.0,8.1,0.7,5.4
09/07/1994,0.0,9.6,-0.8,13.4
10/07/1994,0.0,12.5,-5.0,12.9
11/07/1994,0.0,16.0,-5.0,13.4
12/07/1994,0.0,19.1,-3.7,11.6
13/07/1994,0.0,27.1,-1.5,14.5
14/07/1994,0.0,25.0,1.8,14.8
15/07/1994,1.0,25.9,2.7,14.6
16/07/1994,0.0,30.2,4.6,10.9
17/07/1994,0.0,32.0,5.1,14.7
18/07/1994,0.0,25.6,8.1,12.8
19/07/1994,0.0,32.0,7.0,8.0
20/07/1994,0.0,29.7,8.7,4.2
21/07/1994,2.9,32.9,5.6,11.0
22/07/1994,0.5,17.2,4.9,4.2
23/07/1994,0.0,15.5,2.0,13.8
24/07/1994,0.0,22.9,-1.4,14.9
25/07/1994,0.0,26.9,1.1,14.2
26/07/1994,0.0,22.8,2.1,15.8
27/07/1994,0.0,24.0,2.5,15.5
28/07/1994,0.0,23.5,5.5,15.2
29/07/1994,0.0,20.9,9.3,15.6
30/07/1994,0.0,19.2,10.5,10.0
31/07/1994,0.0,13.6,9.6,6.2
01/08/1994,0.1,12.9,6.0,7.2
02/08/1994,0.0,20.3,-1.4,15.4
03/08/1994,0.0,18.4,0.4,16.5
04/08/1994,0.0,19.9,0.1,16.5
05/08/1994,0.0,20.3,0.9,9.5
06/08/1994,0.0,25.4,2.7,16.1
07/08/1994,0.0,23.4,6.7,10.4
08/08/1994,0.0,24.9,5.8,16.0
09/08/1994,0.0,16.4,5.1,14.5
10/08/1994,0.0,21.7,0.0,17.2
11/08/1994,0.0,23.9,1.1,17.4
12/08/1994,0.0,27.4,1.6,17.4
13/08/1994,0.0,24.9,4.0,17.4
14/08/1994,0.0,17.8,3.3,11.7
15/08/1994,0.0,16.4,1.8,12.7
16/08/1994,0.0,12.4,7.5,4.9
17/08/1994,0.0,18.7,7.7,15.3
18/08/1994,0.0,25.0,2.1,17.5
19/08/1994,0.0,27.4,6.6,17.9
20/08/1994,0.0,21.9,11.2,7.5
21/08/1994,0.0,27.1,8.6,17.0
22/08/1994,0.0,24.4,9.6,15.1
23/08/1994,0.0,16.6,12.0,5.1
24/08/1994,0.0,24.2,7.5,17.1
25/08/1994,0.0,30.2,6.8,16.5
26/08/1994,0.0,24.0,13.2,13.9
27/08/1994,0.0,26.4,7.5,18.1
28/08/1994,0.0,30.8,7.8,18.0
29/08/1994,0.0,30.5,9.0,18.0
30/08/1994,0.0,24.5,12.2,10.1
31/08/1994,0.0,18.0,10.1,5.8
01/09/1994,0.1,10.2,4.0,5.4
02/09/1994,0.0,17.6,-1.5,18.3
03/09/1994,0.0,20.8,0.8,19.3
04/09/1994,0.0,22.6,3.1,19.5
05/09/1994,0.0,29.2,4.1,19.8
06/09/1994,0.0,33.9,7.3,20.3
07/09/1994,0.0,23.9,11.0,13.6
08/09/1994,0.0,12.2,7.4,5.7
09/09/1994,0.0,16.0,8.0,10.2
10/09/1994,0.0,24.8,1.5,20.4
11/09/1994,0.0,28.9,7.1,20.6
12/09/1994,0.0,31.6,8.2,20.7
13/09/1994,0.0,30.4,10.5,16.3
14/09/1994,0.0,29.7,12.1,19.1
15/09/1994,0.1,22.0,11.2,5.9
16/09/1994,0.0,23.4,9.5,17.9
17/09/1994,0.0,27.0,8.9,21.1
18/09/1994,0.0,31.7,10.6,21.3
19/09/1994,0.0,35.3,13.2,21.6
20/09/1994,0.0,36.6,14.6,20.6
21/09/1994,0.0,34.6,16.0,20.5
22/09/1994,0.0,31.6,17.2,16.7
23/09/1994,0.0,35.2,15.7,21.1
24/09/1994,0.0,33.1,14.1,20.9
25/09/1994,0.0,28.6,16.4,18.0
26/09/1994,0.0,22.1,14.6,6.3
27/09/1994,0.0,24.8,11.0,11.6
28/09/1994,3.8,27.0,11.8,16.3
29/09/1994,1.8,22.7,16.1,7.7
30/09/1994,4.3,19.3,13.2,7.7
01/10/1994,0.0,22.0,12.4,19.7
02/10/1994,0.0,29.1,10.5,22.2
03/10/1994,0.0,29.3,11.8,23.1
04/10/1994,0.3,30.5,13.0,22.7
05/10/1994,3.7,28.8,16.0,15.7
06/10/1994,0.0,26.6,16.0,14.3
07/10/1994,0.0,27.3,15.5,13.7
08/10/1994,0.0,33.5,14.4,22.3
09/10/1994,0.0,34.5,15.9,22.9
10/10/1994,0.0,27.6,17.6,16.3
11/10/1994,0.0,28.9,17.0,21.5
12/10/1994,0.0,27.7,17.1,14.6
13/10/1994,0.4,20.0,14.3,6.9
14/10/1994,0.0,26.0,9.5,24.4
15/10/1994,0.0,31.9,10.5,21.1
16/10/1994,0.0,36.6,13.6,25.2
17/10/1994,0.0,29.2,15.0,9.3
18/10/1994,0.0,24.8,13.8,19.6
19/10/1994,0.0,32.2,10.0,25.6
20/10/1994,0.0,29.0,16.4,18.5
21/10/1994,1.9,26.1,16.4,15.4
22/10/1994,0.7,18.9,14.0,7.1
23/10/1994,0.0,21.6,13.0,7.8
24/10/1994,0.0,25.5,12.0,20.1
25/10/1994,9.3,23.9,16.4,9.9
26/10/1994,0.1,27.9,13.5,11.0
27/10/1994,0.6,21.4,14.6,21.8
28/10/1994,11.4,24.5,12.0,14.1
29/10/1994,1.5,13.0,9.0,7.3
30/10/1994,0.0,13.5,8.6,7.3
31/10/1994,0.0,24.0,8.5,24.2
01/11/1994,0.0,26.9,9.1,25.6
02/11/1994,0.0,27.9,9.2,27.4
03/11/1994,0.0,31.4,11.9,26.7
04/11/1994,0.0,33.5,15.3,27.3
05/11/1994,1.5,28.0,17.3,14.7
06/11/1994,0.8,21.6,16.8,7.4
07/11/1994,0.0,27.6,15.4,25.7
08/11/1994,8.9,31.9,13.5,24.5
09/11/1994,2.7,21.5,17.4,7.5
10/11/1994,0.0,27.0,11.4,22.0
11/11/1994,5.2,31.0,15.3,19.5
12/11/1994,0.0,29.1,16.5,27.4
13/11/1994,7.9,31.0,18.6,21.3
14/11/1994,8.96666666667,31.5,19.5,23.3
15/11/1994,10.0333333333,26.8,18.5,16.9
16/11/1994,11.1,26.4,16.4,13.7
17/11/1994,6.3,21.4,15.0,7.8
18/11/1994,2.0,21.4,14.2,8.5
19/11/1994,0.0,21.9,15.3,11.9
20/11/1994,4.4,19.2,14.9,7.7
21/11/1994,8.2,24.5,14.6,17.9
22/11/1994,0.0,24.3,13.2,14.5
23/11/1994,0.0,24.4,13.4,17.4
24/11/1994,0.1,27.7,13.4,24.2
25/11/1994,1.3,30.1,14.3,23.2
26/11/1994,9.6,29.9,15.0,25.5
27/11/1994,0.0,28.6,14.9,24.1
28/11/1994,0.1,28.6,14.9,21.5
29/11/1994,0.0,24.1,16.2,19.6
30/11/1994,0.0,28.5,11.1,25.9
01/12/1994,0.0,30.6,15.0,23.6
02/12/1994,0.0,33.4,15.9,23.7
03/12/1994,0.3,33.4,16.6,16.1
04/12/1994,0.0,27.5,10.9,9.2
05/12/1994,0.0,28.2,8.0,26.3
06/12/1994,0.0,31.8,11.6,27.8
07/12/1994,0.0,31.1,15.5,27.2
08/12/1994,0.0,29.9,16.0,16.7
09/12/1994,0.0,32.1,18.7,23.7
10/12/1994,0.0,33.9,19.4,22.5
11/12/1994,20.2,34.9,19.0,24.3
12/12/1994,0.1,31.8,18.5,20.8
13/12/1994,23.3,33.7,19.5,21.5
14/12/1994,0.6,28.6,18.3,22.7
15/12/1994,3.6,29.9,17.0,24.0
16/12/1994,39.1,30.1,18.2,21.5
17/12/1994,0.0,25.7,17.5,21.1
18/12/1994,0.0,28.9,16.8,28.7
19/12/1994,0.8,27.5,18.4,18.9
20/12/1994,42.1,28.9,17.2,21.9
21/12/1994,0.1,26.5,16.8,21.0
22/12/1994,0.4,29.9,16.5,25.2
23/12/1994,0.0,30.0,17.6,24.2
24/12/1994,53.4,30.2,15.5,22.4
25/12/1994,1.7,27.8,16.8,14.4
26/12/1994,0.0,29.1,17.1,26.8
27/12/1994,0.0,29.4,17.7,25.8
28/12/1994,7.5,29.7,18.7,19.6
29/12/1994,0.0,28.3,15.5,28.2
30/12/1994,0.0,29.9,18.2,28.8
31/12/1994,0.0,31.9,16.6,28.9
01/01/1995,0.0,32.5,17.5,28.4
02/01/1995,0.1,32.6,19.0,26.6
03/01/1995,20.8,31.6,20.2,21.9
04/01/1995,0.0,28.3,17.6,23.1
05/01/1995,76.4,30.4,19.5,24.2
06/01/1995,0.0,28.0,17.5,21.8
07/01/1995,0.0,30.7,17.0,28.6
08/01/1995,0.0,32.4,17.5,28.9
09/01/1995,2.6,24.9,15.3,12.4
10/01/1995,3.0,20.1,14.6,8.2
11/01/1995,28.5,19.2,14.5,7.8
12/01/1995,0.6,17.4,12.5,8.2
13/01/1995,3.0,22.7,13.0,12.1
14/01/1995,0.0,26.3,14.5,23.9
15/01/1995,0.0,27.9,16.1,24.4
16/01/1995,0.0,25.9,16.4,17.3
17/01/1995,5.6,24.8,13.6,16.6
18/01/1995,0.0,23.9,17.6,10.4
19/01/1995,0.2,26.2,18.2,14.1
20/01/1995,60.8,28.6,20.1,15.5
21/01/1995,0.0,28.5,17.8,22.7
22/01/1995,0.0,29.7,20.5,22.0
23/01/1995,3.8,31.4,18.4,22.2
24/01/1995,5.1,27.6,17.5,24.4
25/01/1995,4.9,22.6,18.4,7.7
26/01/1995,0.0,24.5,17.2,12.6
27/01/1995,14.6,28.6,17.7,21.2
28/01/1995,10.7,25.8,17.5,11.7
29/01/1995,9.7,23.4,18.0,7.6
30/01/1995,0.0,25.4,18.0,15.7
31/01/1995,0.0,28.5,18.8,24.3
01/02/1995,1.1,27.3,17.0,20.2
02/02/1995,0.0,24.6,15.2,26.1
03/02/1995,0.0,21.6,16.3,21.4
04/02/1995,8.6,25.6,14.9,21.5
05/02/1995,0.0,20.1,15.0,23.6
06/02/1995,10.7,23.6,15.0,21.3
07/02/1995,0.0,26.4,13.5,27.9
08/02/1995,0.0,27.8,12.7,28.2
09/02/1995,0.2,28.5,15.2,12.0
10/02/1995,0.0,27.1,14.8,25.2
11/02/1995,0.0,23.4,14.5,15.0
12/02/1995,0.0,26.8,12.6,25.9
13/02/1995,0.0,28.6,13.3,25.7
14/02/1995,0.4,28.0,17.1,21.0
15/02/1995,11.1,27.9,14.2,18.9
16/02/1995,0.0,25.4,17.6,17.8
17/02/1995,20.7,25.5,16.0,13.4
18/02/1995,0.0,23.4,13.5,21.3
19/02/1995,0.0,24.7,10.8,25.1
20/02/1995,0.0,25.8,11.5,23.1
21/02/1995,0.0,29.7,14.6,24.3
22/02/1995,2.3,25.6,16.1,15.5
23/02/1995,5.8,22.8,15.6,13.6
24/02/1995,0.1,22.5,14.9,12.0
25/02/1995,1.8,22.0,16.5,7.9
26/02/1995,1.2,22.4,17.5,8.5
27/02/1995,5.6,28.1,17.6,18.0
28/02/1995,3.6,28.9,17.5,20.6
01/03/1995,1.6,22.8,15.6,10.1
02/03/1995,0.5,24.1,17.3,11.8
03/03/1995,0.2,25.0,16.5,9.7
04/03/1995,9.2,26.4,18.6,10.5
05/03/1995,0.7,21.9,16.0,7.3
06/03/1995,0.3,25.4,16.9,14.3
07/03/1995,67.9,29.7,19.0,19.2
08/03/1995,0.7,20.0,12.4,9.7
09/03/1995,0.0,22.6,12.6,12.4
10/03/1995,0.0,20.4,15.4,7.0
11/03/1995,0.0,23.9,15.6,15.1
12/03/1995,0.0,27.8,15.2,19.2
13/03/1995,0.0,25.9,18.5,13.1
14/03/1995,0.0,23.9,16.9,12.4
15/03/1995,4.8,25.2,18.1,11.0
16/03/1995,18.8,26.0,15.2,14.0
17/03/1995,0.1,23.2,15.4,9.8
18/03/1995,0.0,24.7,16.0,17.6
19/03/1995,0.0,26.0,14.5,17.5
20/03/1995,4.7,23.2,17.0,9.8
21/03/1995,0.0,24.4,15.6,9.6
22/03/1995,0.0,26.6,13.7,20.5
23/03/1995,0.0,28.6,15.4,21.6
24/03/1995,0.1,24.2,17.0,14.5
25/03/1995,5.0,22.0,17.2,6.8
26/03/1995,6.1,21.7,17.3,6.4
27/03/1995,0.5,21.6,17.0,6.8
28/03/1995,0.0,27.1,16.6,19.2
29/03/1995,1.7,25.5,12.4,16.3
30/03/1995,0.0,23.1,15.4,13.6
31/03/1995,0.5,24.8,12.1,12.9
01/04/1995,0.0,21.4,11.5,19.6
02/04/1995,0.0,24.6,8.2,20.7
03/04/1995,0.0,24.1,11.6,13.2
04/04/1995,0.0,24.8,15.6,12.5
05/04/1995,0.0,28.6,14.3,18.4
06/04/1995,0.0,28.1,15.5,19.5
07/04/1995,0.0,28.1,16.7,17.1
08/04/1995,0.0,29.5,16.2,19.3
09/04/1995,5.2,22.5,14.6,10.9
10/04/1995,0.6,14.8,8.2,5.5
11/04/1995,0.0,17.8,6.1,14.5
12/04/1995,0.0,20.6,4.2,19.2
13/04/1995,0.0,18.9,7.5,13.8
14/04/1995,0.0,23.2,6.0,18.6
15/04/1995,0.0,24.1,6.3,18.6
16/04/1995,0.0,26.1,7.7,18.5
17/04/1995,0.0,25.1,11.4,12.9
18/04/1995,0.0,25.0,14.0,15.0
19/04/1995,0.9,26.6,10.6,15.2
20/04/1995,0.0,15.7,8.6,8.0
21/04/1995,0.0,17.5,5.2,17.9
22/04/1995,0.0,21.9,3.5,18.1
23/04/1995,0.0,23.5,4.1,18.3
24/04/1995,0.0,24.0,5.6,18.2
25/04/1995,0.0,25.1,6.6,18.1
26/04/1995,0.0,25.8,9.2,15.0
27/04/1995,0.0,27.3,10.0,17.7
28/04/1995,0.0,31.7,10.2,17.7
29/04/1995,0.0,26.2,12.9,16.4
30/04/1995,0.0,29.0,11.3,16.8
01/05/1995,16.3,27.9,15.9,10.6
02/05/1995,0.0,18.2,13.6,4.9
03/05/1995,0.0,18.9,11.2,5.4
04/05/1995,0.0,23.1,13.0,13.7
05/05/1995,0.1,23.1,12.0,8.8
06/05/1995,1.4,18.6,8.7,4.7
07/05/1995,0.0,20.8,6.7,12.7
08/05/1995,0.0,24.8,3.8,16.9
09/05/1995,0.0,26.5,4.2,16.5
10/05/1995,0.0,24.9,4.6,16.3
11/05/1995,0.0,23.1,6.5,15.4
12/05/1995,0.0,22.3,9.8,12.1
13/05/1995,0.0,23.1,10.1,12.8
14/05/1995,0.0,22.0,11.6,7.9
15/05/1995,0.2,17.4,13.0,8.0
16/05/1995,0.0,21.1,12.1,10.9
17/05/1995,3.7,14.9,12.5,4.4
18/05/1995,0.3,14.5,12.0,4.3
19/05/1995,0.1,13.5,10.6,4.7
20/05/1995,0.0,19.2,10.0,11.6
21/05/1995,0.0,22.6,4.1,11.9
22/05/1995,0.0,21.5,5.6,14.8
23/05/1995,0.0,17.6,8.5,5.5
24/05/1995,1.1,19.4,4.9,15.2
25/05/1995,1.2,14.7,11.1,4.2
26/05/1995,0.0,12.9,10.2,4.2
27/05/1995,0.0,16.1,8.1,11.6
28/05/1995,0.0,20.1,4.1,11.4
29/05/1995,0.0,20.9,6.2,14.3
30/05/1995,0.0,21.4,7.0,14.3
31/05/1995,0.0,21.2,9.1,11.4
01/06/1995,0.0,28.1,5.6,14.7
02/06/1995,0.0,21.9,13.7,4.7
03/06/1995,0.0,22.8,11.8,10.4
04/06/1995,0.0,23.3,11.7,10.5
05/06/1995,0.0,26.6,9.8,12.2
06/06/1995,0.0,30.9,8.6,14.5
07/06/1995,0.0,19.4,12.4,10.6
08/06/1995,0.0,19.4,10.6,12.5
09/06/1995,0.0,31.1,6.6,12.2
10/06/1995,0.0,29.7,3.6,14.5
11/06/1995,0.0,24.7,6.0,14.3
12/06/1995,0.0,28.5,8.3,12.7
13/06/1995,0.0,19.7,10.9,4.0
14/06/1995,0.0,18.8,13.0,7.7
15/06/1995,0.1,20.1,10.5,12.0
16/06/1995,0.0,20.9,9.6,10.0
17/06/1995,0.2,10.7,6.0,3.9
18/06/1995,0.0,14.8,1.9,10.5
19/06/1995,0.0,11.0,1.5,7.3
20/06/1995,0.0,18.1,-2.5,13.3
21/06/1995,0.0,20.5,-1.2,13.7
22/06/1995,0.0,23.5,0.2,13.8
23/06/1995,0.0,28.9,1.1,13.4
24/06/1995,1.1,26.5,6.4,10.6
25/06/1995,0.0,9.0,3.9,4.0
26/06/1995,0.0,24.6,-1.5,13.6
27/06/1995,0.0,30.8,1.7,13.8
28/06/1995,0.0,17.5,4.4,13.0
29/06/1995,0.0,15.9,4.2,10.7
30/06/1995,0.0,21.9,-0.3,12.8
01/07/1995,0.0,25.7,2.2,13.1
02/07/1995,0.0,27.5,4.8,13.0
03/07/1995,0.0,16.0,11.4,3.9
04/07/1995,0.0,22.4,2.0,14.0
05/07/1995,0.0,28.6,4.6,8.2
06/07/1995,0.0,17.6,5.8,14.2
07/07/1995,0.0,19.1,0.7,14.0
08/07/1995,0.0,19.4,-0.2,14.3
09/07/1995,0.0,27.0,-0.1,12.7
10/07/1995,0.0,25.4,0.8,14.6
11/07/1995,0.0,29.9,1.1,14.7
12/07/1995,0.0,25.9,4.0,14.5
13/07/1995,0.0,24.4,6.5,13.0
14/07/1995,0.0,21.8,11.0,12.7
15/07/1995,0.0,18.0,8.4,11.0
16/07/1995,0.0,8.4,3.5,4.1
17/07/1995,0.0,6.5,4.0,4.1
18/07/1995,0.0,10.0,2.7,10.8
19/07/1995,0.0,6.2,-1.5,4.2
20/07/1995,0.0,15.3,-3.0,13.9
21/07/1995,0.0,18.9,-2.8,14.3
22/07/1995,0.0,22.8,-1.9,14.9
23/07/1995,0.0,28.4,0.3,15.2
24/07/1995,0.0,29.9,4.1,11.9
25/07/1995,0.0,21.7,9.0,14.7
26/07/1995,0.0,25.7,5.0,14.8
27/07/1995,0.0,23.7,6.1,12.4
28/07/1995,0.0,18.9,10.7,6.0
29/07/1995,0.0,25.1,7.9,14.5
30/07/1995,0.0,15.5,8.6,4.4
31/07/1995,0.0,17.5,6.7,13.2
01/08/1995,0.0,16.4,4.6,9.3
02/08/1995,0.0,18.0,7.0,11.0
03/08/1995,1.9,9.6,3.1,4.5
04/08/1995,0.0,7.2,3.5,4.5
05/08/1995,0.0,14.6,0.7,16.4
06/08/1995,0.0,17.6,-1.2,16.1
07/08/1995,0.0,19.2,0.6,16.4
08/08/1995,0.0,21.2,1.0,16.3
09/08/1995,0.0,20.6,3.1,13.5
10/08/1995,0.0,11.6,7.5,4.7
11/08/1995,0.0,12.0,7.5,4.7
12/08/1995,0.0,23.3,2.1,13.1
13/08/1995,0.0,27.4,4.0,6.4
14/08/1995,0.2,29.2,5.6,8.7
15/08/1995,0.4,17.7,5.5,4.9
16/08/1995,0.0,7.6,4.5,4.9
17/08/1995,0.0,14.5,2.3,13.9
18/08/1995,0.0,14.0,2.6,12.6
19/08/1995,0.0,17.5,-1.7,16.9
20/08/1995,0.0,20.1,-0.5,16.8
21/08/1995,0.0,24.0,1.2,17.3
22/08/1995,0.0,29.1,3.1,19.3
23/08/1995,0.0,31.2,6.0,17.8
24/08/1995,0.0,35.0,8.2,17.9
25/08/1995,0.0,30.9,11.7,17.3
26/08/1995,0.0,29.4,12.0,13.0
27/08/1995,0.0,32.2,12.3,17.7
28/08/1995,0.0,28.1,13.6,15.6
29/08/1995,0.0,32.6,10.6,17.9
30/08/1995,0.0,26.9,12.5,12.3
31/08/1995,0.0,29.2,11.0,17.4
01/09/1995,0.0,31.4,10.4,17.2
02/09/1995,0.0,20.7,12.7,5.5
03/09/1995,0.0,22.9,5.6,18.7
04/09/1995,0.0,27.0,6.4,19.5
05/09/1995,0.0,30.0,8.7,19.2
06/09/1995,0.0,29.7,11.6,18.4
07/09/1995,0.0,30.8,13.2,17.3
08/09/1995,0.0,29.5,16.5,14.9
09/09/1995,0.0,26.6,16.7,16.1
10/09/1995,0.0,28.5,13.0,18.0
11/09/1995,11.2,22.2,13.4,5.8
12/09/1995,2.0,13.8,11.0,5.8
13/09/1995,0.0,16.3,10.6,10.4
14/09/1995,0.0,22.4,4.9,18.6
15/09/1995,0.0,23.0,6.1,19.8
16/09/1995,0.0,23.5,7.2,11.5
17/09/1995,0.0,30.3,6.0,21.5
18/09/1995,0.0,31.9,8.5,18.7
19/09/1995,0.0,14.3,4.9,19.7
20/09/1995,0.0,16.1,-0.1,20.4
21/09/1995,0.0,19.0,0.4,20.8
22/09/1995,0.0,24.8,1.5,21.2
23/09/1995,0.0,27.7,5.5,20.5
24/09/1995,0.0,24.4,11.7,10.2
25/09/1995,0.0,29.6,9.5,20.5
26/09/1995,0.0,26.6,12.1,11.9
27/09/1995,4.0,17.2,9.8,6.3
28/09/1995,2.9,10.1,5.5,6.4
29/09/1995,0.0,12.5,5.5,7.8
30/09/1995,0.0,19.5,5.2,20.4
01/10/1995,0.0,24.8,1.5,22.9
02/10/1995,0.0,24.4,9.5,14.1
03/10/1995,0.0,34.2,10.9,23.9
04/10/1995,0.0,24.6,13.1,13.4
05/10/1995,0.0,27.6,11.3,21.3
06/10/1995,0.0,29.0,10.2,23.6
07/10/1995,0.0,26.8,13.1,17.6
08/10/1995,0.0,23.8,13.7,19.3
09/10/1995,0.0,19.5,13.7,7.1
10/10/1995,0.0,22.8,9.1,12.2
11/10/1995,0.0,30.8,9.5,24.7
12/10/1995,0.2,31.8,11.7,23.1
13/10/1995,0.0,25.1,9.9,9.2
14/10/1995,0.0,22.8,3.7,24.9
15/10/1995,0.0,31.1,5.1,25.6
16/10/1995,0.0,29.6,9.5,23.5
17/10/1995,0.0,24.5,13.8,12.2
18/10/1995,0.0,25.1,15.0,20.8
19/10/1995,0.0,24.6,14.5,15.8
20/10/1995,0.0,25.6,14.0,13.0
21/10/1995,0.0,28.8,14.2,23.3
22/10/1995,0.0,31.4,11.5,25.7
23/10/1995,0.0,32.2,13.6,24.8
24/10/1995,0.0,34.6,17.3,24.8
25/10/1995,0.0,36.1,17.9,19.6
26/10/1995,0.1,29.3,18.2,14.5
27/10/1995,2.4,23.4,12.5,7.6
28/10/1995,4.0,13.8,11.4,7.2
29/10/1995,0.0,14.5,10.2,7.6
30/10/1995,0.0,22.4,7.8,19.1
31/10/1995,0.0,27.4,8.8,27.1
01/11/1995,0.0,28.9,10.4,27.7
02/11/1995,0.0,30.1,12.1,27.4
03/11/1995,0.0,32.5,13.7,24.8
04/11/1995,0.0,34.3,15.4,21.7
05/11/1995,0.0,36.2,18.9,23.9
06/11/1995,12.9,36.2,19.7,18.2
07/11/1995,0.0,31.1,17.8,18.0
08/11/1995,0.0,34.6,18.9,18.8
09/11/1995,0.0,28.7,16.8,7.7
10/11/1995,0.0,24.5,15.5,14.1
11/11/1995,5.9,27.3,16.6,13.8
12/11/1995,0.0,17.5,14.1,7.5
13/11/1995,0.0,25.2,12.7,18.6
14/11/1995,0.0,25.4,17.2,11.1
15/11/1995,0.0,28.8,17.2,16.7
16/11/1995,0.0,30.4,16.2,25.8
17/11/1995,9.5,26.2,14.5,16.4
18/11/1995,0.0,19.8,13.5,11.7
19/11/1995,0.0,23.2,15.6,15.4
20/11/1995,0.0,27.7,12.2,25.2
21/11/1995,29.8,32.1,15.2,23.3
22/11/1995,6.0,22.2,16.1,7.9
23/11/1995,0.2,20.0,15.6,7.7
24/11/1995,0.0,23.0,15.1,9.3
25/11/1995,0.0,29.6,13.5,25.3
26/11/1995,0.1,27.0,15.1,23.6
27/11/1995,0.0,20.9,15.8,10.4
28/11/1995,0.0,23.9,15.7,25.0
29/11/1995,0.0,27.3,11.9,22.2
30/11/1995,0.0,34.4,15.5,23.1
01/12/1995,0.7,26.7,16.5,7.8
02/12/1995,0.0,26.0,11.7,16.1
03/12/1995,0.0,31.0,16.7,24.9
04/12/1995,14.7,29.7,17.4,20.2
05/12/1995,0.0,29.3,16.1,25.5
06/12/1995,0.0,29.6,15.5,25.1
07/12/1995,6.6,26.7,17.5,15.4
08/12/1995,0.0,24.2,14.5,16.0
09/12/1995,0.0,23.5,16.7,9.1
10/12/1995,0.0,28.3,14.5,25.7
11/12/1995,3.6,27.5,17.1,17.4
12/12/1995,0.0,27.2,14.3,23.9
13/12/1995,1.2,26.7,13.9,18.8
14/12/1995,0.0,28.4,13.7,25.5
15/12/1995,0.0,30.4,13.2,26.8
16/12/1995,0.0,33.2,15.0,26.1
17/12/1995,0.0,33.7,15.0,19.9
18/12/1995,0.0,36.0,15.3,22.0
19/12/1995,0.0,36.3,18.1,22.6
20/12/1995,0.0,34.3,18.2,20.6
21/12/1995,0.0,32.3,18.0,15.1
22/12/1995,0.0,33.0,20.0,18.3
23/12/1995,0.0,33.5,16.2,27.2
24/12/1995,0.0,33.5,15.5,25.8
25/12/1995,0.3,31.4,17.7,21.9
26/12/1995,2.3,30.8,15.6,22.6
27/12/1995,0.8,31.3,16.1,22.6
28/12/1995,0.3,30.5,16.0,20.6
29/12/1995,0.3,28.5,17.0,12.5
30/12/1995,0.1,31.7,14.0,20.3
31/12/1995,1.4,33.3,13.6,22.9
01/01/1996,0.2,32.6,16.7,21.7
02/01/1996,0.0,33.5,16.6,26.1
03/01/1996,0.0,34.6,18.1,28.1
04/01/1996,7.1,30.0,18.0,18.3
05/01/1996,0.0,28.0,14.1,19.9
06/01/1996,0.0,28.7,15.7,25.7
07/01/1996,0.2,30.8,15.6,24.3
08/01/1996,0.1,32.1,14.6,26.1
09/01/1996,2.0,28.6,16.5,7.8
10/01/1996,0.0,26.2,15.0,16.0
11/01/1996,1.3,31.7,17.5,20.4
12/01/1996,0.0,29.1,15.5,19.8
13/01/1996,38.4,30.8,16.4,21.8
14/01/1996,4.4,23.0,16.1,13.6
15/01/1996,1.7,28.3,17.0,21.6
16/01/1996,5.3,29.3,18.4,19.4
17/01/1996,0.0,23.8,16.4,9.2
18/01/1996,0.0,25.0,15.5,14.8
19/01/1996,12.6,24.0,16.5,12.9
20/01/1996,1.9,18.9,14.8,7.7
21/01/1996,0.0,23.0,16.4,15.3
22/01/1996,0.0,27.7,15.3,24.8
23/01/1996,8.8,27.6,18.1,14.9
24/01/1996,0.5,23.5,16.2,11.7
25/01/1996,0.0,26.5,17.7,18.2
26/01/1996,1.4,31.3,18.2,21.9
27/01/1996,8.9,28.0,17.9,20.5
28/01/1996,0.0,27.5,14.9,25.4
29/01/1996,0.0,27.1,15.0,21.3
30/01/1996,0.0,29.0,14.8,25.0
31/01/1996,0.0,29.4,17.6,23.6
01/02/1996,49.3,30.0,17.5,22.5
02/02/1996,0.0,25.6,16.6,17.5
03/02/1996,3.6,26.0,18.7,14.9
04/02/1996,0.0,28.3,18.1,24.0
05/02/1996,0.0,26.4,19.1,16.8
06/02/1996,1.0,23.5,17.3,9.4
07/02/1996,0.0,27.5,18.4,18.3
08/02/1996,0.0,29.6,18.3,22.6
09/02/1996,0.0,32.1,20.5,25.2
10/02/1996,12.8,27.2,14.8,8.6
11/02/1996,1.6,15.4,10.0,7.4
12/02/1996,0.0,22.0,7.5,26.9
13/02/1996,0.4,22.1,11.4,15.6
14/02/1996,0.0,26.0,13.4,19.1
15/02/1996,0.0,27.3,14.7,20.7
16/02/1996,2.4,28.3,17.6,18.1
17/02/1996,0.0,28.7,15.2,26.2
18/02/1996,0.0,30.2,17.7,20.8
19/02/1996,0.0,29.2,17.4,18.2
20/02/1996,10.3,33.1,17.0,22.0
21/02/1996,0.0,26.1,17.9,20.6
22/02/1996,0.0,28.7,15.8,21.1
23/02/1996,6.8,31.7,17.4,21.5
24/02/1996,0.0,26.0,15.1,20.0
25/02/1996,0.0,25.4,17.5,11.8
26/02/1996,0.0,26.8,17.1,20.7
27/02/1996,0.0,29.1,16.1,23.0
28/02/1996,25.3,30.7,19.2,19.9
29/02/1996,1.8,20.8,15.4,6.9
01/03/1996,0.1,22.4,15.5,10.9
02/03/1996,21.2,21.9,16.3,8.7
03/03/1996,4.7,22.5,15.7,8.0
04/03/1996,14.5,24.0,16.3,9.4
05/03/1996,0.0,22.2,14.0,12.6
06/03/1996,0.0,25.4,12.8,23.8
07/03/1996,0.0,26.7,12.2,24.7
08/03/1996,0.0,26.4,14.8,19.2
09/03/1996,3.0,21.9,17.5,7.8
10/03/1996,0.0,23.7,17.0,14.8
11/03/1996,0.0,28.0,14.3,24.3
12/03/1996,0.0,29.7,14.3,23.4
13/03/1996,0.8,25.6,18.0,17.2
14/03/1996,0.0,26.1,16.9,13.4
15/03/1996,6.5,25.5,18.5,10.3
16/03/1996,10.3,25.3,18.0,10.6
17/03/1996,0.0,26.5,14.5,21.1
18/03/1996,0.0,25.5,12.8,22.9
19/03/1996,0.0,27.2,12.0,22.8
20/03/1996,0.0,27.0,13.7,21.0
21/03/1996,0.0,27.5,14.7,20.1
22/03/1996,5.1,21.8,14.0,6.5
23/03/1996,2.5,24.2,13.6,11.1
24/03/1996,0.0,20.2,14.2,8.1
25/03/1996,0.0,25.6,12.3,21.1
26/03/1996,0.0,27.5,12.0,19.5
27/03/1996,0.8,21.3,17.1,6.5
28/03/1996,2.6,17.7,15.6,6.0
29/03/1996,0.0,27.6,14.9,21.2
30/03/1996,0.0,28.0,13.7,20.9
31/03/1996,0.0,28.0,15.8,19.3
01/04/1996,0.0,27.6,16.3,19.2
02/04/1996,0.0,32.4,13.0,20.6
03/04/1996,22.2,25.0,15.6,12.5
04/04/1996,0.7,17.8,13.3,5.7
05/04/1996,0.0,20.5,12.3,14.1
06/04/1996,0.0,24.4,13.5,13.3
07/04/1996,0.0,23.8,11.2,19.7
08/04/1996,0.0,25.1,10.0,18.4
09/04/1996,0.1,28.2,11.5,20.2
10/04/1996,0.0,23.4,14.9,12.7
11/04/1996,0.0,24.2,11.7,15.4
12/04/1996,0.0,25.6,16.5,11.0
13/04/1996,0.7,23.2,16.5,10.5
14/04/1996,0.0,25.2,17.3,13.6
15/04/1996,5.3,27.8,12.7,17.1
16/04/1996,0.7,16.1,10.1,5.3
17/04/1996,0.0,13.7,10.7,5.2
18/04/1996,0.0,19.6,10.5,9.0
19/04/1996,0.0,16.4,10.8,5.2
20/04/1996,0.0,21.7,9.8,17.4
21/04/1996,0.0,23.6,7.4,18.6
22/04/1996,0.0,27.3,11.3,17.1
23/04/1996,0.0,26.5,12.6,13.3
24/04/1996,0.0,27.8,14.1,12.4
25/04/1996,4.5,20.1,14.0,5.0
26/04/1996,0.5,14.5,11.5,4.9
27/04/1996,0.0,19.2,9.7,11.2
28/04/1996,0.0,23.4,9.5,15.8
29/04/1996,0.0,22.5,11.8,12.1
30/04/1996,0.5,22.9,15.1,5.3
01/05/1996,0.0,23.7,13.8,11.3
02/05/1996,2.2,23.9,14.2,7.3
03/05/1996,10.6,21.7,15.2,5.2
04/05/1996,0.2,20.5,13.3,8.5
05/05/1996,0.0,22.1,15.1,7.7
06/05/1996,0.0,24.1,15.0,15.1
07/05/1996,0.0,26.5,9.2,14.8
08/05/1996,0.0,24.2,13.5,13.4
09/05/1996,0.0,24.8,11.9,14.9
10/05/1996,0.0,24.5,11.9,13.4
11/05/1996,0.0,20.0,12.5,7.3
12/05/1996,0.0,25.2,13.1,16.0
13/05/1996,0.0,24.2,9.5,14.2
14/05/1996,0.0,23.5,13.7,9.3
15/05/1996,0.0,23.0,9.5,14.7
16/05/1996,0.0,24.0,10.2,10.3
17/05/1996,0.0,23.9,9.8,14.9
18/05/1996,0.0,20.7,13.9,10.1
19/05/1996,0.0,19.7,9.0,7.7
20/05/1996,0.0,16.1,9.5,8.5
21/05/1996,0.0,15.7,8.7,7.8
22/05/1996,0.0,19.1,6.0,14.4
23/05/1996,0.4,16.5,10.2,6.7
24/05/1996,0.0,16.1,9.6,8.2
25/05/1996,0.0,18.0,8.1,9.1
26/05/1996,0.0,18.5,8.8,12.2
27/05/1996,0.0,18.4,4.8,9.9
28/05/1996,0.0,20.4,10.0,10.0
29/05/1996,0.0,22.5,5.1,13.7
30/05/1996,5.3,15.2,4.4,4.1
31/05/1996,0.0,8.1,2.7,4.1
01/06/1996,0.0,12.3,1.6,9.6
02/06/1996,0.0,17.7,-1.3,14.1
03/06/1996,0.0,17.9,0.1,13.9
04/06/1996,0.0,21.0,0.0,14.4
05/06/1996,0.0,23.9,0.4,14.4
06/06/1996,0.0,25.0,0.5,14.2
07/06/1996,0.0,16.5,5.4,4.0
08/06/1996,0.0,19.9,9.6,11.2
09/06/1996,0.0,21.7,4.0,12.0
10/06/1996,0.0,23.7,6.6,10.9
11/06/1996,0.0,26.3,5.4,13.9
12/06/1996,0.0,26.8,7.4,13.9
13/06/1996,0.0,27.1,7.1,13.9
14/06/1996,0.0,26.1,9.2,13.8
15/06/1996,0.0,23.7,11.2,11.4
16/06/1996,0.0,18.2,9.4,8.7
17/06/1996,0.0,15.4,6.4,6.6
18/06/1996,0.1,9.5,6.5,3.9
19/06/1996,0.0,8.1,5.5,3.9
20/06/1996,0.0,7.2,2.6,3.9
21/06/1996,0.0,16.1,0.1,11.9
22/06/1996,0.0,18.9,-1.4,13.4
23/06/1996,0.0,9.2,4.5,3.9
24/06/1996,0.0,14.4,5.6,11.0
25/06/1996,0.0,9.0,3.8,3.9
26/06/1996,1.0,9.5,4.5,4.0
27/06/1996,3.0,5.1,-0.4,3.9
28/06/1996,0.0,3.5,-0.7,4.4
29/06/1996,0.0,10.5,-0.1,10.9
30/06/1996,0.0,14.4,-4.7,13.0
01/07/1996,0.0,20.3,-3.1,14.1
02/07/1996,0.0,17.4,0.2,14.2
03/07/1996,0.0,15.8,-0.9,13.6
04/07/1996,0.0,18.8,-0.4,14.0
05/07/1996,0.0,16.0,0.0,12.5
06/07/1996,0.0,17.7,7.1,10.9
07/07/1996,0.0,26.1,0.5,14.3
08/07/1996,0.0,14.4,3.5,4.1
09/07/1996,0.0,16.2,5.3,11.6
10/07/1996,0.0,17.8,-1.4,14.3
11/07/1996,0.0,19.9,-0.8,14.5
12/07/1996,0.0,20.6,0.1,14.2
13/07/1996,0.0,25.6,1.5,13.6
14/07/1996,0.0,15.5,7.3,5.0
15/07/1996,0.0,15.3,4.9,14.4
16/07/1996,0.0,18.6,-0.8,14.3
17/07/1996,0.0,19.6,1.6,13.4
18/07/1996,0.0,21.7,3.7,14.4
19/07/1996,0.0,22.7,4.4,12.9
20/07/1996,0.0,21.8,6.5,10.9
21/07/1996,0.0,16.4,3.1,14.2
22/07/1996,0.0,15.8,1.0,13.1
23/07/1996,0.0,18.3,-0.7,15.2
24/07/1996,0.0,19.6,1.0,15.8
25/07/1996,0.0,15.2,1.6,6.5
26/07/1996,0.0,18.3,-0.3,15.4
27/07/1996,0.0,20.9,-0.5,15.4
28/07/1996,0.0,20.0,3.1,15.8
29/07/1996,0.0,20.8,2.7,15.8
30/07/1996,0.0,21.7,3.1,15.7
31/07/1996,0.0,23.0,3.7,16.4
01/08/1996,0.0,24.2,5.5,16.4
02/08/1996,0.0,25.7,6.9,16.4
03/08/1996,0.0,26.0,8.2,11.4
04/08/1996,0.0,27.0,7.8,15.4
05/08/1996,0.0,22.0,7.8,16.8
06/08/1996,0.0,22.2,5.2,16.5
07/08/1996,0.0,19.3,3.5,16.0
08/08/1996,0.0,27.0,3.4,12.7
09/08/1996,0.0,18.0,7.5,8.2
10/08/1996,0.0,20.7,3.6,16.0
11/08/1996,0.0,22.5,3.6,13.2
12/08/1996,0.0,22.5,3.9,16.7
13/08/1996,0.0,32.2,3.9,17.4
14/08/1996,0.0,27.3,5.5,17.8
15/08/1996,0.0,23.0,11.4,8.5
16/08/1996,0.0,24.5,7.6,15.8
17/08/1996,0.0,26.0,7.3,17.7
18/08/1996,0.0,27.3,7.6,18.2
19/08/1996,0.0,31.4,7.2,18.3
20/08/1996,0.0,28.1,11.1,17.5
21/08/1996,0.0,27.0,7.6,18.0
22/08/1996,0.0,30.0,9.0,18.7
23/08/1996,0.0,30.9,11.2,18.5
24/08/1996,0.0,34.4,11.5,17.6
25/08/1996,0.0,23.0,10.1,14.4
26/08/1996,0.0,15.6,4.1,15.7
27/08/1996,0.0,14.0,1.5,11.7
28/08/1996,0.0,17.7,-0.1,17.9
29/08/1996,0.0,16.8,4.4,9.7
30/08/1996,0.0,20.4,5.5,14.3
31/08/1996,0.0,26.9,3.0,19.1
01/09/1996,0.0,25.2,5.0,19.5
02/09/1996,0.0,24.9,5.6,18.5
03/09/1996,0.0,23.1,5.2,20.2
04/09/1996,0.0,22.6,4.2,19.8
05/09/1996,0.0,21.5,5.1,13.6
06/09/1996,0.0,21.4,6.6,20.0
07/09/1996,0.0,27.0,4.3,20.3
08/09/1996,0.0,17.7,6.2,18.6
09/09/1996,0.0,16.3,0.0,20.1
10/09/1996,0.0,22.0,0.6,20.5
11/09/1996,0.0,23.0,2.5,20.3
12/09/1996,0.0,25.7,3.5,19.8
13/09/1996,0.0,29.7,6.6,19.0
14/09/1996,0.0,30.0,11.0,14.5
15/09/1996,0.0,27.5,17.1,8.8
16/09/1996,0.0,23.6,12.0,19.3
17/09/1996,0.0,23.7,7.6,17.0
18/09/1996,0.0,27.8,6.8,16.9
19/09/1996,0.0,30.0,11.0,20.9
20/09/1996,0.0,32.5,15.1,17.4
21/09/1996,8.6,33.0,15.7,19.0
22/09/1996,0.8,20.1,13.5,6.2
23/09/1996,7.9,15.1,11.1,6.3
24/09/1996,1.4,11.2,6.4,6.3
25/09/1996,0.0,14.2,5.0,16.8
26/09/1996,0.0,14.1,5.0,10.7
27/09/1996,0.0,11.8,8.3,6.4
28/09/1996,0.0,13.4,8.5,6.4
29/09/1996,0.4,22.5,3.1,18.2
30/09/1996,0.0,23.6,10.5,17.3
01/10/1996,0.0,28.6,8.4,23.4
02/10/1996,0.0,30.8,9.6,24.1
03/10/1996,0.0,29.4,11.7,23.5
04/10/1996,0.0,35.4,14.2,22.8
05/10/1996,0.0,26.3,13.9,7.0
06/10/1996,0.0,25.8,8.8,23.1
07/10/1996,0.0,27.2,9.2,24.2
08/10/1996,0.0,30.5,11.5,23.6
09/10/1996,0.0,34.5,15.0,23.2
10/10/1996,0.0,29.9,16.2,17.8
11/10/1996,0.0,23.5,13.4,6.8
12/10/1996,0.0,14.4,11.0,6.9
13/10/1996,0.0,24.6,8.0,23.9
14/10/1996,0.0,28.0,7.9,24.8
15/10/1996,0.0,28.3,9.2,24.4
16/10/1996,0.0,34.1,11.5,24.1
17/10/1996,0.0,34.7,12.6,22.8
18/10/1996,0.0,33.4,15.4,21.7
19/10/1996,12.2,30.1,16.6,17.5
20/10/1996,3.8,19.6,13.2,7.1
21/10/1996,0.6,17.0,12.3,7.1
22/10/1996,0.0,15.6,9.2,7.1
23/10/1996,0.0,15.6,10.9,8.2
24/10/1996,0.0,22.6,11.5,23.4
25/10/1996,0.0,22.4,13.8,17.6
26/10/1996,0.0,28.5,9.7,26.6
27/10/1996,0.0,31.4,10.4,26.5
28/10/1996,0.0,30.1,14.5,19.6
29/10/1996,0.0,31.9,16.2,24.3
30/10/1996,0.0,24.6,16.3,17.1
31/10/1996,0.0,29.1,16.7,20.6
01/11/1996,0.0,32.1,15.6,23.4
02/11/1996,2.0,29.0,16.9,17.8
03/11/1996,1.0,22.9,14.7,8.6
04/11/1996,11.4,23.5,16.6,11.1
05/11/1996,0.0,28.7,17.5,19.9
06/11/1996,0.0,33.9,16.6,28.3
07/11/1996,1.2,27.3,13.8,7.5
08/11/1996,0.0,25.7,15.2,18.1
09/11/1996,5.6,25.0,14.9,13.6
10/11/1996,0.0,21.5,13.7,10.2
11/11/1996,0.0,25.7,14.1,17.1
12/11/1996,0.0,30.7,15.6,23.3
13/11/1996,4.2,33.8,17.0,25.6
14/11/1996,0.0,30.6,17.1,24.9
15/11/1996,29.0,29.8,19.5,21.1
16/11/1996,4.5,20.0,16.5,7.6
17/11/1996,2.0,21.7,14.6,8.4
18/11/1996,13.3,26.4,17.0,18.4
19/11/1996,0.0,22.7,15.1,12.1
20/11/1996,4.2,24.3,15.6,16.5
21/11/1996,0.0,27.1,13.8,25.8
22/11/1996,3.3,28.7,14.4,20.2
23/11/1996,0.0,24.5,15.0,17.6
24/11/1996,0.0,20.9,15.5,9.9
25/11/1996,0.0,24.5,10.7,23.9
26/11/1996,0.0,27.0,10.7,25.7
27/11/1996,0.0,29.6,13.0,28.0
28/11/1996,0.0,31.1,14.4,27.1
29/11/1996,18.2,34.2,16.9,24.0
30/11/1996,0.0,29.9,15.4,23.1
01/12/1996,0.0,27.7,16.5,20.5
02/12/1996,0.0,30.3,14.0,26.7
03/12/1996,0.0,31.3,17.6,26.2
04/12/1996,0.0,30.9,19.2,24.6
05/12/1996,0.1,27.5,19.7,16.1
06/12/1996,0.0,26.0,16.9,18.6
07/12/1996,0.0,24.0,15.9,10.7
08/12/1996,0.0,27.0,11.1,28.5
09/12/1996,1.5,28.0,14.9,22.9
10/12/1996,0.8,19.6,12.6,7.9
11/12/1996,0.3,22.3,12.5,9.8
12/12/1996,1.5,19.3,14.1,8.2
13/12/1996,0.7,18.5,13.4,8.1
14/12/1996,0.0,25.2,13.6,19.7
15/12/1996,0.0,30.5,12.9,23.8
16/12/1996,18.1,34.0,16.2,24.0
17/12/1996,2.4,26.2,17.8,15.5
18/12/1996,0.0,28.0,16.8,23.6
19/12/1996,0.5,33.2,16.1,27.7
20/12/1996,0.0,33.0,20.6,23.3
21/12/1996,16.2,33.0,18.9,19.4
22/12/1996,0.0,28.6,19.2,18.9
23/12/1996,0.0,28.6,18.7,19.8
24/12/1996,26.5,31.6,18.5,18.5
25/12/1996,60.2,31.5,18.2,22.1
26/12/1996,24.8,26.1,17.5,16.4
27/12/1996,0.0,29.5,16.8,27.5
28/12/1996,29.3,29.7,18.2,25.8
29/12/1996,12.0,29.2,18.1,21.2
30/12/1996,19.8,28.5,18.2,16.4
31/12/1996,28.3,28.8,18.2,21.9
01/01/1997,0.2,24.4,17.7,10.0
02/01/1997,0.0,27.1,16.6,22.0
03/01/1997,0.0,29.4,18.7,28.4
04/01/1997,0.0,29.3,20.2,22.6
05/01/1997,0.0,29.1,18.6,25.7
06/01/1997,0.0,29.1,19.4,15.5
07/01/1997,0.0,32.0,18.8,24.0
08/01/1997,30.7,31.1,18.5,16.5
09/01/1997,0.0,28.0,16.5,23.4
10/01/1997,0.0,28.7,18.3,22.7
11/01/1997,0.0,30.5,18.5,27.1
12/01/1997,0.0,31.1,17.5,25.7
13/01/1997,33.8,31.6,18.0,21.6
14/01/1997,16.1,28.4,17.6,28.7
15/01/1997,1.0,27.0,16.6,18.6
16/01/1997,0.0,29.5,17.1,25.1
17/01/1997,6.5,29.2,18.6,24.2
18/01/1997,21.7,28.2,16.7,17.3
19/01/1997,0.1,28.0,16.0,24.0
20/01/1997,10.0,26.2,18.0,14.3
21/01/1997,0.0,26.0,15.1,15.0
22/01/1997,0.0,25.8,15.9,17.8
23/01/1997,0.0,27.6,17.3,19.0
24/01/1997,11.2,28.5,16.3,21.4
25/01/1997,0.0,28.0,17.5,23.4
26/01/1997,8.7,30.7,16.6,26.2
27/01/1997,19.9,25.0,18.7,13.3
28/01/1997,0.0,27.7,16.2,24.2
29/01/1997,21.0,28.3,19.0,13.2
30/01/1997,4.1,21.5,17.8,7.6
31/01/1997,0.0,26.5,15.3,21.5
01/02/1997,0.0,27.7,16.0,24.9
02/02/1997,3.2,23.0,16.3,14.6
03/02/1997,0.0,26.0,15.1,21.9
04/02/1997,7.0,29.6,15.7,21.0
05/02/1997,8.5,21.0,14.0,7.5
06/02/1997,2.8,18.4,13.4,7.5
07/02/1997,0.9,20.8,13.0,12.7
08/02/1997,0.0,20.3,14.6,7.4
09/02/1997,0.0,25.1,15.5,16.8
10/02/1997,24.2,26.5,16.7,16.1
11/02/1997,0.7,19.2,14.3,7.4
12/02/1997,3.0,21.7,15.1,8.7
13/02/1997,1.0,23.2,17.0,13.0
14/02/1997,2.7,27.0,17.6,19.8
15/02/1997,2.5,25.1,17.2,14.0
16/02/1997,0.0,27.6,18.8,18.6
17/02/1997,0.0,28.7,19.5,19.8
18/02/1997,1.0,28.9,20.1,18.7
19/02/1997,15.7,25.6,11.7,8.7
20/02/1997,0.0,18.9,11.4,12.6
21/02/1997,0.0,19.5,12.1,10.0
22/02/1997,0.0,25.2,14.0,12.7
23/02/1997,0.0,27.9,17.5,18.0
24/02/1997,0.0,29.0,16.5,21.8
25/02/1997,36.7,30.4,19.6,15.3
26/02/1997,6.8,28.3,17.1,15.3
27/02/1997,0.0,26.5,17.6,17.1
28/02/1997,0.0,27.0,18.8,18.4
01/03/1997,0.0,28.4,19.0,23.0
02/03/1997,5.0,22.2,18.8,9.4
03/03/1997,17.1,23.3,14.8,10.7
04/03/1997,0.0,23.6,14.0,16.5
05/03/1997,0.0,25.4,14.0,21.1
06/03/1997,0.0,25.8,13.0,19.2
07/03/1997,0.0,27.8,13.5,23.0
08/03/1997,8.6,28.7,14.5,19.2
09/03/1997,2.3,24.0,16.5,12.8
10/03/1997,0.0,26.6,16.8,21.1
11/03/1997,27.7,29.0,17.0,20.7
12/03/1997,1.1,25.9,19.1,12.8
13/03/1997,0.0,25.1,16.6,14.7
14/03/1997,0.7,24.0,17.4,11.4
15/03/1997,3.0,25.7,16.0,19.2
16/03/1997,0.0,26.0,16.5,20.1
17/03/1997,4.1,24.6,17.1,10.7
18/03/1997,5.2,21.5,16.7,10.5
19/03/1997,0.0,23.3,13.0,12.2
20/03/1997,1.6,24.4,14.0,15.5
21/03/1997,1.0,24.2,14.1,15.3
22/03/1997,0.0,25.8,15.0,16.8
23/03/1997,6.5,21.2,14.0,6.8
24/03/1997,0.0,19.1,13.5,6.1
25/03/1997,0.0,23.1,15.2,13.8
26/03/1997,0.0,24.1,15.7,12.1
27/03/1997,41.2,24.9,15.0,12.7
28/03/1997,0.0,23.1,15.0,14.0
29/03/1997,0.0,25.4,13.6,19.9
30/03/1997,0.0,26.6,13.2,21.5
31/03/1997,0.0,25.8,13.2,17.0
01/04/1997,0.0,24.7,15.5,17.5
02/04/1997,0.0,26.7,13.7,20.2
03/04/1997,1.1,27.5,16.4,19.0
04/04/1997,1.9,20.4,7.5,5.7
05/04/1997,0.0,18.9,10.1,9.1
06/04/1997,0.0,21.0,12.4,14.3
07/04/1997,0.1,21.0,11.0,8.3
08/04/1997,0.0,20.5,14.7,9.6
09/04/1997,0.0,25.7,12.3,18.6
10/04/1997,0.0,26.1,12.6,14.9
11/04/1997,0.0,26.7,12.0,18.8
12/04/1997,0.0,25.8,12.1,18.6
13/04/1997,0.0,27.5,11.7,17.6
14/04/1997,0.0,27.3,11.8,16.5
15/04/1997,2.9,28.4,13.6,19.2
16/04/1997,0.0,26.2,12.6,18.1
17/04/1997,0.0,26.0,13.5,15.9
18/04/1997,0.0,26.8,15.5,16.3
19/04/1997,0.0,28.0,15.3,17.1
20/04/1997,0.0,22.0,10.5,16.3
21/04/1997,0.0,20.0,9.8,11.5
22/04/1997,0.0,23.7,6.6,18.9
23/04/1997,0.0,25.1,10.5,16.0
24/04/1997,0.3,30.0,9.8,18.4
25/04/1997,0.0,19.7,10.5,5.9
26/04/1997,0.0,24.3,5.1,18.2
27/04/1997,0.0,26.0,7.6,18.0
28/04/1997,0.0,23.7,9.6,16.4
29/04/1997,0.0,24.6,7.5,17.9
30/04/1997,0.0,30.0,8.4,18.1
01/05/1997,0.0,30.2,10.6,17.6
02/05/1997,0.1,26.9,10.1,17.2
03/05/1997,0.0,19.2,12.0,4.9
04/05/1997,0.0,20.4,11.0,8.1
05/05/1997,0.0,23.5,8.6,15.3
06/05/1997,0.0,25.0,10.2,15.2
07/05/1997,0.0,24.1,12.5,11.5
08/05/1997,0.0,25.9,10.5,15.9
09/05/1997,0.0,24.0,10.2,12.0
10/05/1997,0.0,20.7,13.1,4.8
11/05/1997,8.4,21.7,14.3,5.3
12/05/1997,0.0,21.5,11.2,11.9
13/05/1997,0.0,21.2,12.2,14.3
14/05/1997,0.0,22.7,7.7,16.5
15/05/1997,0.0,23.6,10.4,15.8
16/05/1997,0.0,22.6,11.3,11.9
17/05/1997,0.0,24.9,8.5,15.9
18/05/1997,0.0,23.5,9.5,11.7
19/05/1997,0.0,28.4,7.5,15.7
20/05/1997,0.0,24.1,11.6,13.5
21/05/1997,1.1,30.1,6.1,14.5
22/05/1997,0.0,12.2,7.7,4.5
23/05/1997,0.0,8.2,5.6,4.2
24/05/1997,0.0,14.5,5.3,10.6
25/05/1997,0.0,14.5,0.9,11.1
26/05/1997,0.0,11.1,7.0,4.2
27/05/1997,0.0,19.3,6.9,13.0
28/05/1997,0.0,12.5,4.6,4.1
29/05/1997,0.0,12.8,8.5,4.1
30/05/1997,0.0,17.1,8.2,10.5
31/05/1997,0.0,11.9,3.6,4.1
01/06/1997,0.0,16.8,8.9,10.2
02/06/1997,0.0,18.5,1.5,12.4
03/06/1997,0.0,14.9,2.6,6.0
04/06/1997,0.0,26.0,3.6,7.6
05/06/1997,0.0,22.7,5.4,13.9
06/06/1997,0.1,15.2,7.8,5.9
07/06/1997,0.0,11.7,5.5,5.2
08/06/1997,0.0,19.2,0.4,10.9
09/06/1997,0.0,21.1,3.0,11.6
10/06/1997,0.0,29.3,3.1,12.85
11/06/1997,0.0,24.0,4.6,14.1
12/06/1997,0.0,26.3,4.5,13.7
13/06/1997,0.0,24.8,9.6,4.0
14/06/1997,0.0,15.8,7.5,10.0
15/06/1997,0.0,20.1,1.9,13.9
16/06/1997,0.0,20.0,2.0,13.5
17/06/1997,0.0,19.9,2.3,13.6
18/06/1997,0.0,21.5,2.3,13.6
19/06/1997,0.0,21.7,3.4,14.0
20/06/1997,0.0,31.4,6.3,11.6
21/06/1997,0.0,33.5,8.7,5.3
22/06/1997,0.0,25.0,7.5,8.6
23/06/1997,0.0,33.1,6.1,11.7
24/06/1997,0.0,21.3,7.1,11.5
25/06/1997,0.0,20.3,10.8,9.7
26/06/1997,0.0,16.7,10.6,5.0
27/06/1997,0.0,12.0,6.2,3.9
28/06/1997,0.0,8.3,5.5,3.9
29/06/1997,0.0,14.4,3.5,12.1
30/06/1997,0.0,18.1,-1.3,13.6
01/07/1997,0.0,18.0,0.1,7.8
02/07/1997,0.0,19.8,1.1,12.3
03/07/1997,0.0,20.6,-0.9,14.0
04/07/1997,0.0,20.0,1.5,13.7
05/07/1997,0.0,20.4,3.0,13.2
06/07/1997,0.0,21.2,4.2,13.8
07/07/1997,0.0,18.3,8.5,6.6
08/07/1997,0.0,20.5,9.6,8.1
09/07/1997,0.0,25.0,7.8,11.7
10/07/1997,0.7,22.8,10.3,6.6
11/07/1997,0.1,15.6,10.9,4.0
12/07/1997,0.0,19.5,10.9,9.1
13/07/1997,0.0,17.1,10.6,4.5
14/07/1997,0.0,20.0,2.4,11.8
15/07/1997,0.0,29.5,2.3,14.8
16/07/1997,0.0,20.9,3.6,14.5
17/07/1997,0.0,13.3,9.1,4.1
18/07/1997,0.0,17.9,6.0,10.4
19/07/1997,0.0,14.2,7.6,4.3
20/07/1997,0.0,18.1,1.0,15.2
21/07/1997,0.0,20.6,0.0,15.1
22/07/1997,0.0,22.9,0.8,15.3
23/07/1997,0.0,23.1,5.8,12.3
24/07/1997,0.0,24.3,7.6,14.1
25/07/1997,0.0,27.0,7.3,14.5
26/07/1997,0.0,28.1,8.0,14.4
27/07/1997,0.0,29.9,8.5,15.2
28/07/1997,0.0,31.6,9.3,16.0
29/07/1997,0.0,30.2,9.5,16.1
30/07/1997,0.0,28.7,10.1,15.7
31/07/1997,0.0,26.0,12.4,11.2
01/08/1997,0.0,18.0,11.1,10.3
02/08/1997,0.0,14.0,7.1,5.9
03/08/1997,0.7,12.0,7.6,4.5
04/08/1997,0.3,9.1,3.1,4.6
05/08/1997,0.0,9.5,2.0,10.6
06/08/1997,0.0,9.0,4.6,4.6
07/08/1997,0.0,14.4,6.0,6.0
08/08/1997,0.0,14.8,1.7,6.3
09/08/1997,0.0,19.7,1.6,11.2
10/08/1997,0.0,19.0,1.6,9.0
11/08/1997,0.0,29.7,2.3,16.5
12/08/1997,0.0,26.0,4.6,17.8
13/08/1997,0.0,28.1,6.2,17.9
14/08/1997,0.0,32.0,7.6,17.8
15/08/1997,0.0,29.0,9.7,15.0
16/08/1997,0.0,28.5,10.6,17.3
17/08/1997,0.0,36.2,14.0,14.7
18/08/1997,0.0,35.6,21.8,12.1
19/08/1997,1.2,22.6,11.3,9.5
20/08/1997,2.3,12.9,6.8,5.0
21/08/1997,0.0,11.1,6.7,5.1
22/08/1997,0.0,8.3,5.8,5.1
23/08/1997,0.0,17.0,5.0,15.6
24/08/1997,0.0,23.9,1.0,18.9
25/08/1997,0.0,28.5,3.6,18.7
26/08/1997,0.0,30.1,5.9,18.4
27/08/1997,0.0,31.6,8.5,18.8
28/08/1997,0.0,31.4,12.1,14.9
29/08/1997,0.0,32.6,12.6,17.3
30/08/1997,0.0,34.0,11.6,18.4
31/08/1997,0.0,26.1,15.7,16.2
01/09/1997,0.0,26.1,12.2,18.3
02/09/1997,0.0,23.2,9.4,17.2
03/09/1997,0.0,30.7,6.0,20.0
04/09/1997,0.0,32.2,8.0,20.1
05/09/1997,0.0,30.0,12.5,17.5
06/09/1997,0.0,30.3,18.2,19.2
07/09/1997,0.0,36.6,13.5,19.2
08/09/1997,0.0,36.5,13.4,19.8
09/09/1997,0.0,23.0,14.0,5.7
10/09/1997,0.0,17.1,11.8,6.2
11/09/1997,0.0,17.4,10.4,7.8
12/09/1997,0.0,30.7,3.9,20.0
13/09/1997,0.0,25.7,9.1,16.2
14/09/1997,0.0,22.7,9.1,19.1
15/09/1997,0.0,23.0,9.5,18.6
16/09/1997,0.0,24.8,7.5,20.7
17/09/1997,0.0,30.0,8.6,12.9
18/09/1997,0.0,26.2,12.1,15.6
19/09/1997,0.0,29.5,11.3,15.8
20/09/1997,0.0,21.2,14.6,6.4
21/09/1997,0.0,24.0,6.6,21.0
22/09/1997,0.0,26.7,8.5,21.8
23/09/1997,0.0,30.1,9.6,21.3
24/09/1997,0.0,29.4,13.9,18.1
25/09/1997,2.6,19.5,11.2,6.3
26/09/1997,0.0,16.5,10.7,7.1
27/09/1997,0.0,28.6,8.6,15.4
28/09/1997,0.0,26.4,12.5,6.6
29/09/1997,0.0,22.7,14.6,7.1
30/09/1997,5.0,27.4,13.1,19.0
01/10/1997,0.0,25.6,10.0,9.7
02/10/1997,0.0,23.4,7.6,22.7
03/10/1997,0.0,27.6,9.1,18.1
04/10/1997,0.0,34.0,11.3,23.8
05/10/1997,0.0,23.6,12.6,18.4
06/10/1997,0.0,18.0,9.1,6.7
07/10/1997,0.0,20.0,11.7,8.7
08/10/1997,0.0,25.5,6.8,24.3
09/10/1997,0.0,32.7,8.8,24.6
10/10/1997,0.0,35.0,13.2,24.1
11/10/1997,0.0,36.8,12.9,21.6
12/10/1997,0.0,36.0,16.9,18.8
13/10/1997,0.0,28.1,20.5,11.4
14/10/1997,0.0,31.8,17.3,18.9
15/10/1997,0.0,25.1,17.7,6.9
16/10/1997,0.0,18.0,12.6,6.9
17/10/1997,0.0,20.0,12.5,11.0
18/10/1997,0.0,24.7,7.7,22.3
19/10/1997,0.0,26.2,13.6,18.7
20/10/1997,0.0,26.9,13.3,23.8
21/10/1997,0.0,30.2,10.3,25.2
22/10/1997,0.0,31.6,15.0,24.2
23/10/1997,1.4,26.2,13.0,13.6
24/10/1997,0.0,28.5,11.1,22.3
25/10/1997,0.0,32.0,11.5,26.6
26/10/1997,0.0,32.5,15.1,26.2
27/10/1997,0.0,35.5,16.9,25.5
28/10/1997,0.0,29.3,19.1,21.1
29/10/1997,1.3,20.4,13.6,7.3
30/10/1997,0.0,23.5,13.3,16.4
31/10/1997,0.7,18.1,12.3,7.3
01/11/1997,0.0,17.5,12.6,7.3
02/11/1997,0.0,30.1,12.6,24.1
03/11/1997,0.0,21.5,15.3,8.6
04/11/1997,0.0,25.2,15.4,16.1
05/11/1997,0.0,28.0,14.7,21.1
06/11/1997,4.5,29.5,17.3,21.0
07/11/1997,0.1,25.0,19.5,9.4
08/11/1997,0.0,34.5,16.5,23.1
09/11/1997,1.0,32.5,20.2,18.6
10/11/1997,0.0,34.1,16.6,26.5
11/11/1997,0.0,36.3,18.5,26.7
12/11/1997,3.1,30.0,18.5,18.0
13/11/1997,0.7,22.0,11.6,13.5
14/11/1997,0.0,26.1,9.0,28.2
15/11/1997,0.0,29.2,10.5,28.6
16/11/1997,4.0,30.4,14.8,21.6
17/11/1997,0.0,22.2,17.5,8.9
18/11/1997,0.0,23.7,15.6,12.0
19/11/1997,0.0,26.5,16.5,15.9
20/11/1997,0.0,31.5,13.7,24.9
21/11/1997,0.0,25.9,17.0,9.8
22/11/1997,0.0,31.1,17.1,19.5
23/11/1997,19.9,33.2,17.5,16.1
24/11/1997,3.6,27.4,18.4,8.1
25/11/1997,0.0,29.0,15.4,19.5
26/11/1997,0.0,30.3,16.1,20.8
27/11/1997,0.0,28.6,18.7,17.1
28/11/1997,0.0,27.4,13.8,24.1
29/11/1997,0.0,29.2,14.4,26.1
30/11/1997,6.6,27.4,13.4,16.8
01/12/1997,0.0,27.5,10.2,26.6
02/12/1997,0.0,30.3,12.0,28.2
03/12/1997,0.0,27.7,15.1,26.1
04/12/1997,0.0,26.8,17.0,22.5
05/12/1997,0.0,29.5,19.0,26.3
06/12/1997,0.0,31.1,16.5,17.9
07/12/1997,41.1,31.5,18.6,23.0
08/12/1997,0.0,28.5,18.2,21.8
09/12/1997,0.0,30.7,16.5,27.3
10/12/1997,0.0,33.1,18.1,27.5
11/12/1997,0.1,33.2,21.4,24.3
12/12/1997,0.0,33.8,19.5,24.1
13/12/1997,0.0,27.6,20.6,16.4
14/12/1997,0.0,27.0,15.1,17.8
15/12/1997,0.0,31.5,13.4,27.1
16/12/1997,0.9,28.2,16.0,16.2
17/12/1997,3.3,25.5,18.0,12.8
18/12/1997,0.0,29.1,19.0,16.0
19/12/1997,0.0,33.5,20.5,23.5
20/12/1997,10.2,32.0,20.3,16.4
21/12/1997,0.1,29.4,19.3,18.3
22/12/1997,7.3,29.0,19.6,20.5
23/12/1997,0.0,23.0,15.4,8.3
24/12/1997,0.0,26.8,15.6,24.7
25/12/1997,0.0,31.3,15.1,27.9
26/12/1997,0.0,36.3,18.0,26.5
27/12/1997,13.9,35.2,20.0,25.1
28/12/1997,0.6,27.6,21.1,17.6
29/12/1997,0.0,34.0,21.5,25.9
30/12/1997,4.8,29.7,20.8,12.8
31/12/1997,0.1,31.1,19.4,22.4
01/01/1998,1.9,28.3,19.3,11.1
02/01/1998,0.1,23.8,17.3,11.6
03/01/1998,1.4,25.0,18.3,10.0
04/01/1998,0.0,25.5,19.1,9.8
05/01/1998,2.8,33.5,17.5,22.4
06/01/1998,18.7,32.2,18.1,21.7
07/01/1998,4.2,24.5,17.7,15.8
08/01/1998,0.8,22.5,15.5,11.9
09/01/1998,0.0,24.5,16.1,11.7
10/01/1998,0.0,24.8,18.5,10.7
11/01/1998,18.3,29.0,18.5,20.2
12/01/1998,0.8,29.2,17.6,17.0
13/01/1998,0.0,27.5,18.9,22.5
14/01/1998,0.1,31.5,18.8,23.4
15/01/1998,0.0,32.0,20.6,17.0
16/01/1998,0.0,33.0,21.5,22.5
17/01/1998,56.3,32.5,18.4,17.0
18/01/1998,0.0,27.5,18.0,22.1
19/01/1998,0.0,29.0,19.2,17.1
20/01/1998,0.0,31.7,20.8,26.5
21/01/1998,0.0,34.1,20.1,27.0
22/01/1998,16.3,27.9,17.0,8.6
23/01/1998,0.0,22.6,15.5,11.9
24/01/1998,0.0,25.7,17.5,9.5
25/01/1998,0.0,26.6,19.1,17.0
26/01/1998,0.0,31.9,19.0,21.8
27/01/1998,6.1,33.5,21.0,25.4
28/01/1998,20.3,27.5,15.4,7.6
29/01/1998,1.2,22.6,15.6,8.0
30/01/1998,2.4,24.2,15.5,9.9
31/01/1998,0.0,28.0,17.0,22.9
01/02/1998,0.0,30.2,13.9,27.7
02/02/1998,0.0,30.5,16.5,20.2
03/02/1998,1.1,30.9,19.2,24.4
04/02/1998,0.1,21.4,15.7,7.5
05/02/1998,0.0,27.7,14.3,22.7
06/02/1998,0.5,29.5,19.2,20.9
07/02/1998,3.3,26.5,20.5,7.8
08/02/1998,0.0,25.6,19.0,11.3
09/02/1998,33.2,29.5,16.0,13.2
10/02/1998,0.9,22.7,14.4,13.5
11/02/1998,3.2,19.7,14.6,7.4
12/02/1998,0.0,21.2,14.8,12.2
13/02/1998,1.7,23.2,16.1,15.8
14/02/1998,0.0,24.5,15.8,12.8
15/02/1998,0.0,26.6,14.5,20.6
16/02/1998,0.0,28.7,16.2,24.9
17/02/1998,0.0,31.6,18.5,22.4
18/02/1998,0.7,25.0,16.5,7.2
19/02/1998,0.7,21.7,16.3,7.2
20/02/1998,2.4,22.5,16.0,8.5
21/02/1998,4.2,18.7,14.0,7.1
22/02/1998,0.9,21.6,14.5,10.2
23/02/1998,0.0,25.6,15.6,18.0
24/02/1998,0.0,24.5,17.6,10.3
25/02/1998,0.0,26.0,17.9,17.4
26/02/1998,9.4,26.0,16.9,10.2
27/02/1998,9.6,21.4,16.5,7.0
28/02/1998,0.0,26.1,13.1,15.5
01/03/1998,0.0,27.5,14.1,24.6
02/03/1998,0.0,28.0,13.7,23.3
03/03/1998,0.0,29.7,17.1,19.4
04/03/1998,0.0,31.4,16.6,21.0
05/03/1998,39.2,33.9,20.0,21.8
06/03/1998,0.0,30.4,21.0,15.2
07/03/1998,14.0,27.7,19.1,15.0
08/03/1998,6.0,25.3,18.3,11.3
09/03/1998,0.0,24.5,17.9,12.9
10/03/1998,11.3,23.9,12.0,7.3
11/03/1998,0.1,13.1,9.2,6.6
12/03/1998,0.0,20.6,8.5,19.3
13/03/1998,0.0,22.5,11.5,13.5
14/03/1998,0.0,22.0,13.4,15.1
15/03/1998,0.0,19.1,13.9,7.4
16/03/1998,0.0,22.7,14.1,15.0
17/03/1998,0.0,23.5,14.6,14.9
18/03/1998,0.0,23.6,14.1,11.5
19/03/1998,0.0,24.2,16.0,11.8
20/03/1998,0.3,24.6,16.2,11.1
21/03/1998,0.0,28.4,18.9,13.1
22/03/1998,0.1,28.3,19.0,17.3
23/03/1998,0.1,25.1,18.5,10.0
24/03/1998,7.5,25.6,17.0,7.4
25/03/1998,0.8,21.0,12.5,6.1
26/03/1998,0.0,17.6,12.4,6.2
27/03/1998,0.0,23.5,12.5,11.2
28/03/1998,1.0,20.2,15.6,6.3
29/03/1998,0.0,19.5,14.7,6.4
30/03/1998,0.0,25.0,11.4,17.7
31/03/1998,8.3,26.1,13.9,16.7
01/04/1998,2.8,21.3,14.9,5.9
02/04/1998,0.0,23.7,15.0,15.4
03/04/1998,0.0,23.5,14.3,15.1
04/04/1998,0.0,20.7,12.3,8.8
05/04/1998,0.0,21.7,14.3,9.0
06/04/1998,0.0,29.4,12.1,19.2
07/04/1998,3.0,23.7,13.6,11.6
08/04/1998,0.0,18.9,12.8,7.1
09/04/1998,0.0,23.5,11.4,15.2
10/04/1998,0.0,28.5,15.0,16.2
11/04/1998,0.0,28.1,17.3,16.1
12/04/1998,0.2,26.6,15.9,15.3
13/04/1998,0.5,25.1,18.4,9.2
14/04/1998,0.2,25.1,17.0,8.3
15/04/1998,9.1,21.6,16.0,5.5
16/04/1998,6.4,17.3,12.4,5.6
17/04/1998,0.0,18.5,10.6,12.6
18/04/1998,0.0,20.9,8.3,13.3
19/04/1998,0.0,21.5,7.2,16.0
20/04/1998,0.0,22.5,11.1,13.4
21/04/1998,0.0,23.6,12.2,13.5
22/04/1998,0.0,24.9,13.5,16.0
23/04/1998,0.0,24.6,14.9,15.6
24/04/1998,2.2,18.6,15.5,6.5
25/04/1998,2.3,18.6,14.5,5.0
26/04/1998,0.0,17.8,13.3,7.1
27/04/1998,0.0,20.2,12.5,6.1
28/04/1998,0.0,15.6,8.4,5.7
29/04/1998,0.0,16.0,4.6,10.5
30/04/1998,0.0,16.0,3.6,6.6
01/05/1998,0.0,17.1,4.2,8.8
02/05/1998,0.0,14.5,10.5,4.8
03/05/1998,0.0,18.5,7.1,13.6
04/05/1998,0.0,19.0,5.3,12.1
05/05/1998,0.0,19.5,6.0,15.4
06/05/1998,0.0,21.0,6.1,13.7
07/05/1998,0.0,21.9,9.1,14.9
08/05/1998,0.0,23.7,13.6,13.7
09/05/1998,0.0,22.2,13.3,7.6
10/05/1998,0.0,25.6,8.6,14.3
11/05/1998,0.0,31.0,8.8,16.0
12/05/1998,0.0,22.4,14.0,7.0
13/05/1998,0.0,22.2,14.5,11.7
14/05/1998,3.3,15.2,9.6,4.4
15/05/1998,0.0,13.7,6.9,7.5
16/05/1998,0.0,19.2,2.5,16.3
17/05/1998,0.0,20.8,1.1,16.3
18/05/1998,0.0,22.7,2.6,15.8
19/05/1998,0.0,25.1,3.1,15.7
20/05/1998,0.0,25.1,3.9,15.0
21/05/1998,0.0,23.3,6.0,15.5
22/05/1998,0.0,24.0,8.0,14.8
23/05/1998,0.0,27.4,7.2,15.1
24/05/1998,0.0,21.9,12.6,6.0
25/05/1998,0.0,24.0,9.0,9.7
26/05/1998,0.0,17.3,11.6,4.3
27/05/1998,0.0,18.3,5.3,12.2
28/05/1998,0.0,17.3,8.9,6.5
29/05/1998,0.0,13.5,5.1,4.3
30/05/1998,0.0,18.6,3.9,11.6
31/05/1998,0.0,15.0,6.1,5.6
01/06/1998,0.0,20.6,2.8,14.3
02/06/1998,0.0,18.3,3.3,13.8
03/06/1998,0.0,20.4,3.1,14.1
04/06/1998,0.0,19.6,3.6,9.0
05/06/1998,0.0,22.9,4.1,11.5
06/06/1998,0.0,29.9,5.4,14.2
07/06/1998,0.0,22.0,13.0,6.3
08/06/1998,0.0,21.4,10.7,6.8
09/06/1998,0.0,21.0,11.1,6.2
10/06/1998,0.0,22.3,11.6,11.7
11/06/1998,0.0,12.0,7.6,3.9
12/06/1998,0.0,11.0,6.6,4.2
13/06/1998,0.0,10.0,6.6,3.9
14/06/1998,0.0,12.0,5.1,7.4
15/06/1998,0.0,15.4,6.4,4.9
16/06/1998,0.0,16.1,6.7,8.6
17/06/1998,0.0,15.1,4.5,10.1
18/06/1998,0.0,16.6,2.0,11.6
19/06/1998,0.0,18.6,1.8,11.8
20/06/1998,0.0,18.5,3.5,10.3
21/06/1998,0.0,17.4,9.1,9.3
22/06/1998,0.0,19.4,4.0,8.9
23/06/1998,0.0,15.6,8.8,3.9
24/06/1998,0.0,15.5,8.1,7.2
25/06/1998,0.0,19.0,2.0,13.0
26/06/1998,0.0,21.5,4.5,9.8
27/06/1998,0.0,19.2,2.1,13.0
28/06/1998,0.0,19.4,3.0,10.1
29/06/1998,0.0,28.2,3.5,10.4
30/06/1998,0.0,17.5,6.8,4.2
01/07/1998,0.0,19.5,11.6,10.5
02/07/1998,0.0,21.5,5.1,13.7
03/07/1998,0.0,20.6,6.0,8.7
04/07/1998,0.0,27.5,4.6,11.3
05/07/1998,0.0,23.4,6.1,4.8
06/07/1998,0.0,22.6,12.3,4.8
07/07/1998,0.0,23.7,7.5,8.7
08/07/1998,0.0,17.0,8.2,8.5
09/07/1998,0.0,18.4,5.1,14.3
10/07/1998,0.0,18.0,5.5,10.3
11/07/1998,0.0,18.5,2.0,14.1
12/07/1998,0.0,19.6,5.7,13.9
13/07/1998,0.0,20.5,2.6,13.5
14/07/1998,0.0,20.4,2.4,14.4
15/07/1998,0.0,22.9,3.7,14.2
16/07/1998,0.0,24.4,9.9,14.3
17/07/1998,0.0,25.1,6.5,13.9
18/07/1998,0.0,21.2,6.6,14.2
19/07/1998,0.0,21.3,3.3,13.8
20/07/1998,0.0,26.4,3.6,14.9
21/07/1998,0.0,22.0,4.9,14.6
22/07/1998,0.0,18.1,12.0,4.5
23/07/1998,0.0,17.2,10.5,4.6
24/07/1998,1.0,15.0,10.6,4.3
25/07/1998,0.0,19.8,8.2,14.2
26/07/1998,0.0,21.7,1.5,15.3
27/07/1998,0.0,25.6,2.9,15.3
28/07/1998,0.0,21.4,5.8,8.4
29/07/1998,0.0,14.4,10.6,4.4
30/07/1998,0.0,20.0,4.6,15.5
31/07/1998,0.0,20.7,10.2,11.0
01/08/1998,0.0,24.4,3.6,16.1
02/08/1998,0.0,21.5,4.3,10.1
03/08/1998,0.0,21.8,5.1,11.8
04/08/1998,0.0,23.4,6.6,14.7
05/08/1998,0.0,19.1,7.0,8.4
06/08/1998,0.0,19.0,6.4,7.0
07/08/1998,0.0,22.6,6.7,15.6
08/08/1998,0.0,24.6,6.5,15.6
09/08/1998,0.0,24.2,7.8,12.2
10/08/1998,0.0,24.7,10.3,15.0
11/08/1998,0.0,17.1,8.9,4.7
12/08/1998,0.1,16.7,8.6,11.1
13/08/1998,0.0,14.1,6.5,4.9
14/08/1998,0.0,24.1,4.2,16.9
15/08/1998,0.0,26.4,3.6,17.1
16/08/1998,0.0,24.7,4.8,17.6
17/08/1998,0.0,24.5,4.6,15.0
18/08/1998,0.0,21.4,10.0,14.9
19/08/1998,0.0,26.0,4.8,16.6
20/08/1998,1.7,16.9,8.1,5.0
21/08/1998,0.0,13.5,7.0,6.2
22/08/1998,0.0,13.6,8.0,5.9
23/08/1998,0.0,20.1,6.6,13.7
24/08/1998,7.4,12.5,7.3,5.3
25/08/1998,7.5,10.4,7.0,5.2
26/08/1998,0.0,17.4,1.5,18.9
27/08/1998,0.0,19.8,1.6,19.2
28/08/1998,0.0,23.7,2.7,19.1
29/08/1998,0.0,21.9,4.2,15.1
30/08/1998,0.0,21.0,6.1,19.8
31/08/1998,0.0,23.9,4.8,17.3
01/09/1998,0.0,30.7,5.5,16.4
02/09/1998,0.0,26.0,8.1,19.6
03/09/1998,0.0,20.0,9.2,13.1
04/09/1998,0.3,14.3,10.6,5.6
05/09/1998,0.0,19.4,9.1,12.5
06/09/1998,0.0,20.9,11.2,15.8
07/09/1998,0.0,24.4,4.8,17.9
08/09/1998,0.0,24.9,7.1,19.8
09/09/1998,0.0,21.4,9.3,17.6
10/09/1998,0.0,28.1,8.1,20.8
11/09/1998,0.0,33.3,6.5,20.3
12/09/1998,0.0,30.7,10.0,21.2
13/09/1998,0.0,19.7,12.6,5.9
14/09/1998,0.0,22.4,6.0,20.6
15/09/1998,0.0,23.0,6.2,19.4
16/09/1998,0.0,27.4,6.6,20.5
17/09/1998,2.6,30.2,10.2,20.8
18/09/1998,1.9,15.3,4.6,6.8
19/09/1998,0.0,8.1,2.4,6.1
20/09/1998,0.0,14.6,3.6,16.5
21/09/1998,0.0,18.5,0.2,21.7
22/09/1998,0.0,22.4,2.1,22.6
23/09/1998,0.0,26.0,5.0,21.0
24/09/1998,0.0,26.2,13.9,16.2
25/09/1998,0.0,26.0,12.1,19.6
26/09/1998,0.0,35.6,9.7,23.3
27/09/1998,0.0,21.4,8.6,11.6
28/09/1998,0.0,16.6,4.5,7.5
29/09/1998,0.0,21.2,4.6,23.6
30/09/1998,0.0,24.0,4.7,23.3
01/10/1998,0.0,25.5,6.5,21.0
02/10/1998,0.0,24.9,10.2,21.1
03/10/1998,0.0,28.1,8.8,23.9
04/10/1998,0.0,35.8,11.1,23.3
05/10/1998,0.0,22.9,10.0,14.1
06/10/1998,0.0,24.0,6.2,22.3
07/10/1998,0.0,24.6,7.6,23.9
08/10/1998,0.0,27.4,8.3,24.1
09/10/1998,0.0,28.4,9.6,24.0
10/10/1998,0.0,36.0,11.5,22.8
11/10/1998,0.0,30.1,13.4,22.7
12/10/1998,0.0,29.2,11.6,19.6
13/10/1998,14.7,25.5,17.5,11.7
14/10/1998,32.0,17.6,15.3,6.9
15/10/1998,0.3,22.7,13.9,13.4
16/10/1998,0.0,27.2,12.5,17.3
17/10/1998,0.0,26.0,13.1,19.6
18/10/1998,0.0,26.5,13.4,23.7
19/10/1998,0.0,28.6,13.8,25.2
20/10/1998,0.0,31.6,14.4,21.4
21/10/1998,0.0,31.1,15.6,23.5
22/10/1998,0.0,33.4,15.9,24.6
23/10/1998,27.3,24.6,12.5,9.0
24/10/1998,0.7,16.4,11.1,7.3
25/10/1998,0.0,23.1,11.4,17.9
26/10/1998,0.0,27.0,10.6,25.8
27/10/1998,0.0,30.0,14.2,22.8
28/10/1998,1.3,28.5,11.9,26.1
29/10/1998,29.3,23.2,14.3,7.3
30/10/1998,0.7,24.6,11.5,22.1
31/10/1998,0.8,22.9,15.5,12.5
01/11/1998,15.2,22.6,14.5,18.4
02/11/1998,7.7,21.0,13.5,13.6
03/11/1998,0.0,24.1,12.0,25.0
04/11/1998,0.0,26.7,12.6,26.8
05/11/1998,0.0,27.7,14.6,23.2
06/11/1998,0.0,30.5,16.5,24.8
07/11/1998,0.9,24.2,15.7,7.5
08/11/1998,0.6,22.9,15.0,9.0
09/11/1998,5.3,24.1,16.6,20.5
10/11/1998,1.6,20.4,16.0,8.0
11/11/1998,0.3,26.1,15.6,22.7
12/11/1998,0.0,24.7,16.1,20.1
13/11/1998,0.0,25.9,14.9,24.5
14/11/1998,0.0,28.3,16.4,24.3
15/11/1998,0.0,28.3,16.9,19.3
16/11/1998,5.2,30.4,18.1,22.1
17/11/1998,0.3,19.6,10.0,7.6
18/11/1998,0.0,21.0,11.0,19.9
19/11/1998,0.0,25.0,11.1,24.0
20/11/1998,0.0,27.9,11.5,24.7
21/11/1998,0.0,28.5,14.0,18.9
22/11/1998,0.0,30.3,16.8,21.6
23/11/1998,0.0,31.9,17.0,25.1
24/11/1998,0.0,23.1,15.8,10.2
25/11/1998,0.5,19.0,14.0,7.7
26/11/1998,0.0,20.2,12.5,7.9
27/11/1998,0.0,27.7,10.5,25.0
28/11/1998,2.6,31.4,14.5,22.2
29/11/1998,0.2,22.5,14.7,10.6
30/11/1998,0.0,21.8,15.5,8.8
01/12/1998,33.0,29.2,13.7,22.2
02/12/1998,0.0,26.6,15.7,17.5
03/12/1998,0.0,29.2,12.3,29.0
04/12/1998,20.7,31.1,13.1,26.3
05/12/1998,13.5,25.5,14.5,7.8
06/12/1998,0.0,23.6,11.2,17.5
07/12/1998,0.0,26.6,12.6,25.8
08/12/1998,13.3,29.4,13.5,26.4
09/12/1998,3.8,22.5,14.0,12.3
10/12/1998,0.0,27.1,12.9,28.0
11/12/1998,0.0,29.3,12.7,28.0
12/12/1998,0.0,30.0,15.1,26.2
13/12/1998,2.6,32.1,16.7,27.0
14/12/1998,1.5,28.2,18.8,19.7
15/12/1998,0.0,28.5,20.1,17.2
16/12/1998,0.0,27.7,17.0,12.5
17/12/1998,0.0,24.1,16.2,11.1
18/12/1998,0.0,25.5,13.5,16.7
19/12/1998,0.0,25.6,13.2,16.0
20/12/1998,0.1,31.0,15.8,20.4
21/12/1998,2.1,24.7,13.4,7.9
22/12/1998,0.0,24.4,12.7,22.2
23/12/1998,0.0,27.9,9.6,28.9
24/12/1998,0.0,29.5,11.4,29.3
25/12/1998,0.0,30.9,11.7,25.4
26/12/1998,0.0,33.2,13.6,24.9
27/12/1998,0.0,35.8,17.4,23.8
28/12/1998,11.5,36.1,16.1,24.9
29/12/1998,3.4,26.4,16.8,14.6
30/12/1998,17.6,27.6,18.0,15.1
31/12/1998,14.5,29.1,15.5,22.2
01/01/1999,0.0,27.0,15.1,23.6
02/01/1999,0.2,29.7,14.8,23.6
03/01/1999,0.1,26.5,18.5,16.8
04/01/1999,11.7,31.6,15.8,24.5
05/01/1999,17.4,22.0,15.4,9.4
06/01/1999,0.5,18.0,15.6,7.9
07/01/1999,0.0,22.8,12.5,17.5
08/01/1999,31.9,24.2,14.0,11.3
09/01/1999,21.2,21.5,13.2,7.9
10/01/1999,0.0,18.3,12.5,9.6
11/01/1999,0.0,22.6,12.7,16.7
12/01/1999,0.0,25.1,14.3,19.1
13/01/1999,4.5,26.3,15.0,17.9
14/01/1999,0.0,25.5,15.4,18.4
15/01/1999,0.0,27.1,13.7,25.0
16/01/1999,0.0,27.7,14.2,26.4
17/01/1999,0.6,27.0,17.3,11.2
18/01/1999,0.0,22.2,18.6,8.3
19/01/1999,0.0,27.9,15.6,22.5
20/01/1999,0.0,28.1,13.1,24.6
21/01/1999,38.6,28.4,13.9,16.5
22/01/1999,4.8,24.7,16.6,12.5
23/01/1999,0.0,25.9,17.5,14.8
24/01/1999,17.8,27.5,16.8,16.9
25/01/1999,6.3,26.6,16.4,17.8
26/01/1999,0.0,25.9,18.1,19.4
27/01/1999,31.8,26.4,19.1,13.6
28/01/1999,2.6,23.0,17.1,9.8
29/01/1999,0.5,22.2,16.3,7.7
30/01/1999,0.0,27.2,15.1,24.4
31/01/1999,0.0,29.2,15.6,22.7
01/02/1999,0.0,29.8,18.3,25.2
02/02/1999,1.7,28.9,18.6,22.4
03/02/1999,0.6,28.9,17.0,18.4
04/02/1999,40.1,29.1,19.1,14.2
05/02/1999,0.4,25.9,18.5,10.8
06/02/1999,0.0,29.5,19.4,19.0
07/02/1999,11.3,22.2,15.7,7.5
08/02/1999,0.0,23.7,14.4,24.8
09/02/1999,0.0,26.4,12.5,20.0
10/02/1999,0.0,26.9,17.2,24.6
11/02/1999,0.0,27.1,18.5,16.5
12/02/1999,0.0,26.0,19.3,13.0
13/02/1999,1.1,22.6,15.1,7.4
14/02/1999,0.0,25.5,12.7,23.0
15/02/1999,0.0,25.7,15.0,23.2
16/02/1999,20.1,28.2,14.9,20.9
17/02/1999,0.0,27.7,16.5,25.2
18/02/1999,0.0,28.9,17.2,21.4
19/02/1999,0.0,28.7,19.1,22.6
20/02/1999,0.0,28.3,16.9,17.1
21/02/1999,10.5,26.3,18.0,16.4
22/02/1999,0.1,27.2,18.6,16.1
23/02/1999,0.0,27.4,18.3,15.6
24/02/1999,0.0,28.3,16.3,19.6
25/02/1999,0.0,29.5,16.1,20.2
26/02/1999,8.6,30.2,15.5,14.1
27/02/1999,6.6,27.3,16.6,13.4
28/02/1999,0.1,27.6,18.4,18.3
01/03/1999,2.6,29.4,20.5,16.7
02/03/1999,26.9,25.2,18.9,9.5
03/03/1999,1.2,22.9,16.8,8.0
04/03/1999,0.0,25.0,18.0,9.8
05/03/1999,0.1,27.2,15.1,20.4
06/03/1999,1.7,27.8,20.1,15.1
07/03/1999,40.7,24.0,18.7,6.8
08/03/1999,0.5,25.4,18.3,14.5
09/03/1999,10.1,19.4,17.5,14.7
10/03/1999,5.9,22.6,15.4,9.7
11/03/1999,3.7,18.4,15.6,6.9
12/03/1999,0.0,22.7,15.0,14.9
13/03/1999,0.1,20.6,16.0,6.8
14/03/1999,0.0,25.1,17.0,13.9
15/03/1999,0.0,27.3,16.6,22.2
16/03/1999,0.0,27.8,16.8,19.5
17/03/1999,10.4,22.4,18.1,7.2
18/03/1999,14.7,23.8,17.5,10.3
19/03/1999,3.3,22.3,17.5,7.0
20/03/1999,2.3,23.8,17.0,8.3
21/03/1999,0.9,21.5,17.2,7.1
22/03/1999,0.0,23.6,15.9,9.1
23/03/1999,0.0,25.6,17.0,15.3
24/03/1999,0.0,27.0,19.6,19.2
25/03/1999,3.6,29.0,17.0,13.7
26/03/1999,2.0,26.1,19.2,12.3
27/03/1999,2.0,26.4,18.9,9.6
28/03/1999,13.3,29.5,17.4,14.7
29/03/1999,0.0,18.2,14.9,6.0
30/03/1999,0.2,18.4,13.7,6.2
31/03/1999,0.6,18.0,13.5,6.0
01/04/1999,0.1,16.5,13.5,5.9
02/04/1999,2.1,18.9,12.6,6.4
03/04/1999,0.1,17.5,12.1,6.0
04/04/1999,3.0,19.2,13.5,6.7
05/04/1999,0.0,24.0,12.0,15.6
06/04/1999,0.6,17.5,13.9,5.7
07/04/1999,0.7,19.0,13.0,7.4
08/04/1999,0.0,18.2,11.1,6.4
09/04/1999,0.0,18.9,12.3,6.5
10/04/1999,0.0,20.7,13.6,10.0
11/04/1999,0.0,21.5,14.1,10.1
12/04/1999,0.1,21.3,13.2,13.5
13/04/1999,0.0,20.2,13.1,14.5
14/04/1999,0.0,24.1,10.3,15.8
15/04/1999,6.9,23.0,7.5,12.9
16/04/1999,0.6,14.6,3.0,6.7
17/04/1999,0.0,16.5,1.1,18.6
18/04/1999,0.0,18.5,2.1,17.5
19/04/1999,0.0,20.2,4.0,18.5
20/04/1999,0.0,22.0,3.9,18.4
21/04/1999,0.0,23.7,6.0,17.6
22/04/1999,0.0,24.7,11.1,16.6
23/04/1999,0.0,26.8,10.2,16.6
24/04/1999,0.0,25.5,14.7,11.9
25/04/1999,0.0,25.5,15.0,10.1
26/04/1999,0.0,21.7,13.8,7.9
27/04/1999,0.0,18.0,12.1,5.0
28/04/1999,0.0,19.9,9.3,12.8
29/04/1999,0.0,22.2,11.5,10.1
30/04/1999,0.0,20.7,14.0,10.5
01/05/1999,0.0,23.4,12.4,14.0
02/05/1999,0.0,25.3,12.1,12.4
03/05/1999,0.0,27.3,12.1,15.5
04/05/1999,0.7,24.9,14.9,10.0
05/05/1999,0.0,19.0,14.6,4.7
06/05/1999,0.0,26.9,10.6,15.1
07/05/1999,0.0,24.6,10.1,15.0
08/05/1999,4.4,19.3,12.0,10.8
09/05/1999,11.3,16.1,11.8,4.6
10/05/1999,0.0,19.5,10.2,10.4
11/05/1999,0.0,19.6,10.5,9.9
12/05/1999,0.0,15.8,12.0,4.5
13/05/1999,0.0,16.0,12.2,5.1
14/05/1999,0.0,16.9,12.0,5.0
15/05/1999,0.0,19.0,12.1,8.5
16/05/1999,0.0,19.9,10.6,9.7
17/05/1999,0.0,19.7,7.6,9.1
18/05/1999,0.0,19.1,11.7,8.1
19/05/1999,0.1,13.8,10.2,4.4
20/05/1999,0.0,12.7,9.5,4.3
21/05/1999,0.0,12.2,9.1,4.3
22/05/1999,0.0,12.9,9.2,4.3
23/05/1999,0.0,13.0,8.5,4.3
24/05/1999,0.0,14.3,9.5,4.3
25/05/1999,0.0,15.2,8.1,10.0
26/05/1999,0.0,20.8,3.5,13.4
27/05/1999,0.0,13.7,5.8,4.7
28/05/1999,0.0,25.2,4.0,10.5
29/05/1999,0.0,18.9,4.9,14.3
30/05/1999,0.0,14.4,5.5,4.8
31/05/1999,0.0,15.4,7.8,10.4
01/06/1999,0.0,14.4,4.8,5.2
02/06/1999,0.0,16.4,9.2,9.3
03/06/1999,0.0,12.8,7.5,4.1
04/06/1999,0.4,12.1,8.5,4.1
05/06/1999,0.0,11.5,8.4,4.1
06/06/1999,0.0,10.5,7.7,4.0
07/06/1999,0.0,12.2,6.7,7.2
08/06/1999,0.2,13.1,7.5,10.8
09/06/1999,1.2,11.6,5.5,6.4
10/06/1999,0.0,16.3,-0.1,13.8
11/06/1999,0.0,17.3,2.9,9.8
12/06/1999,0.0,17.0,1.6,10.5
13/06/1999,0.0,20.1,0.6,13.6
14/06/1999,0.0,23.0,1.5,13.3
15/06/1999,0.0,23.1,3.1,13.5
16/06/1999,0.0,20.3,9.9,9.0
17/06/1999,0.0,18.5,8.6,7.5
18/06/1999,0.0,16.9,7.9,5.3
19/06/1999,0.0,20.1,2.4,11.6
20/06/1999,0.0,21.0,4.1,11.7
21/06/1999,0.0,22.7,3.4,10.6
22/06/1999,0.0,26.0,4.6,11.1
23/06/1999,0.0,19.7,3.5,10.3
24/06/1999,0.0,23.7,5.0,11.5
25/06/1999,0.0,20.1,11.1,10.4
26/06/1999,0.0,24.0,7.0,12.0
27/06/1999,1.9,21.9,6.0,6.6
28/06/1999,0.0,22.6,10.7,13.7
29/06/1999,0.0,14.3,8.9,4.8
30/06/1999,0.0,11.4,7.4,4.0
01/07/1999,0.0,11.5,6.0,5.4
02/07/1999,1.2,13.1,4.4,9.6
03/07/1999,3.2,8.6,5.2,4.0
04/07/1999,0.0,12.5,-1.9,13.1
05/07/1999,0.0,17.5,-1.9,14.0
06/07/1999,0.0,19.9,-1.5,14.2
07/07/1999,0.0,20.6,-1.0,13.2
08/07/1999,0.0,17.9,1.7,13.6
09/07/1999,0.0,18.6,0.5,14.1
10/07/1999,0.0,21.6,1.6,14.4
11/07/1999,0.0,25.3,3.5,14.2
12/07/1999,0.0,20.7,6.2,8.1
13/07/1999,0.0,19.0,10.9,10.0
14/07/1999,0.0,11.2,6.9,4.4
15/07/1999,0.0,8.9,4.6,4.1
16/07/1999,0.0,7.1,3.7,4.2
17/07/1999,0.0,7.0,1.4,4.7
18/07/1999,0.0,12.0,3.4,9.0
19/07/1999,0.0,7.6,3.6,4.3
20/07/1999,0.0,17.1,-2.0,14.6
21/07/1999,0.0,16.2,-1.3,14.7
22/07/1999,0.0,14.3,-0.7,14.3
23/07/1999,0.0,18.6,-0.5,15.2
24/07/1999,0.0,24.0,-0.6,15.4
25/07/1999,0.0,25.0,1.5,15.6
26/07/1999,0.0,28.2,5.0,13.9
27/07/1999,0.0,22.7,7.2,15.4
28/07/1999,0.0,21.1,8.4,10.8
29/07/1999,0.0,27.0,7.0,7.4
30/07/1999,0.0,17.4,7.9,8.2
31/07/1999,0.0,19.3,0.4,16.0
01/08/1999,0.0,22.7,1.8,15.5
02/08/1999,0.0,23.5,2.9,14.8
03/08/1999,0.0,25.8,6.2,16.0
04/08/1999,0.0,27.9,7.3,15.4
05/08/1999,0.0,30.0,8.1,16.6
06/08/1999,0.0,31.8,7.2,16.6
07/08/1999,0.0,15.2,6.3,4.7
08/08/1999,0.0,15.3,6.7,12.0
09/08/1999,0.0,25.2,0.1,17.0
10/08/1999,0.0,30.7,2.4,17.1
11/08/1999,0.0,31.6,5.6,17.4
12/08/1999,0.1,21.2,10.2,12.1
13/08/1999,0.3,11.8,2.5,4.9
14/08/1999,0.4,3.5,-0.7,4.9
15/08/1999,0.0,7.4,-0.6,11.6
16/08/1999,0.0,13.0,-4.4,16.5
17/08/1999,0.0,21.5,-2.8,17.8
18/08/1999,0.0,24.0,0.2,17.9
19/08/1999,0.0,32.2,2.0,17.9
20/08/1999,0.0,33.9,5.0,18.3
21/08/1999,0.0,30.2,8.9,16.2
22/08/1999,0.0,17.2,10.7,5.1
23/08/1999,0.0,16.9,8.6,9.6
24/08/1999,0.0,12.8,6.6,5.2
25/08/1999,0.0,15.6,7.2,11.0
26/08/1999,0.0,19.3,2.6,16.0
27/08/1999,0.0,25.9,2.8,18.5
28/08/1999,0.0,26.5,4.6,19.1
29/08/1999,0.0,27.4,7.1,18.4
30/08/1999,0.0,35.1,8.6,18.9
31/08/1999,0.0,32.2,9.1,19.0
01/09/1999,0.0,29.4,8.2,18.8
02/09/1999,0.0,27.8,10.1,18.2
03/09/1999,0.0,28.8,12.3,17.2
04/09/1999,0.0,24.7,15.5,10.8
05/09/1999,0.0,30.4,10.5,17.2
06/09/1999,0.0,29.1,10.8,19.6
07/09/1999,0.0,37.3,10.1,20.2
08/09/1999,0.0,21.2,8.2,20.3
09/09/1999,0.0,21.2,3.7,19.6
10/09/1999,0.0,20.5,8.9,18.3
11/09/1999,0.0,24.3,4.6,20.5
12/09/1999,0.0,24.3,5.7,20.6
13/09/1999,0.0,31.1,5.1,20.4
14/09/1999,0.0,23.0,6.4,20.7
15/09/1999,0.0,23.0,4.1,20.8
16/09/1999,0.0,26.7,5.3,21.0
17/09/1999,0.0,26.3,6.5,20.7
18/09/1999,0.0,29.5,8.2,21.0
19/09/1999,0.0,28.0,11.5,16.7
20/09/1999,0.0,26.7,10.5,16.0
21/09/1999,0.0,27.9,12.5,11.1
22/09/1999,0.0,28.3,11.9,19.2
23/09/1999,0.0,29.0,14.6,21.4
24/09/1999,0.0,30.6,16.1,19.8
25/09/1999,0.3,30.3,17.6,17.6
26/09/1999,5.2,22.5,15.1,6.6
27/09/1999,0.0,18.5,13.8,6.4
28/09/1999,0.3,30.8,13.3,21.8
29/09/1999,7.5,22.9,13.8,6.5
30/09/1999,0.0,20.0,13.7,6.7
01/10/1999,0.8,22.6,10.5,6.7
02/10/1999,1.5,10.5,5.5,6.6
03/10/1999,0.0,8.2,5.1,6.6
04/10/1999,0.0,10.9,4.9,7.4
05/10/1999,0.0,16.0,3.7,20.4
06/10/1999,0.0,21.5,3.7,23.7
07/10/1999,0.0,23.7,8.5,21.4
08/10/1999,0.0,23.9,7.1,23.3
09/10/1999,0.0,23.8,8.9,21.6
10/10/1999,0.0,26.9,10.1,23.7
11/10/1999,0.0,29.1,13.8,23.4
12/10/1999,9.2,35.0,12.9,22.9
13/10/1999,0.0,26.0,17.9,13.8
14/10/1999,0.0,27.6,14.7,19.7
15/10/1999,0.0,33.4,13.7,21.3
16/10/1999,2.3,25.1,13.6,7.4
17/10/1999,0.0,21.9,12.7,9.6
18/10/1999,0.0,26.5,10.5,21.3
19/10/1999,0.0,28.5,11.7,23.6
20/10/1999,0.0,30.2,12.9,24.5
21/10/1999,0.0,30.2,16.5,19.4
22/10/1999,6.8,25.1,15.9,8.7
23/10/1999,0.4,16.1,13.1,7.2
24/10/1999,0.0,25.7,8.7,18.1
25/10/1999,0.0,29.0,12.1,26.1
26/10/1999,0.0,30.0,13.2,26.4
27/10/1999,0.0,32.6,14.1,25.1
28/10/1999,0.0,30.5,18.1,19.5
29/10/1999,1.8,24.3,16.5,13.8
30/10/1999,3.3,25.1,16.0,13.1
31/10/1999,0.0,25.3,16.5,10.3
01/11/1999,0.0,24.6,14.6,11.4
02/11/1999,0.0,20.6,16.0,8.5
03/11/1999,3.0,21.2,14.7,12.4
04/11/1999,0.8,16.2,9.7,10.4
05/11/1999,0.0,27.2,5.5,27.4
06/11/1999,0.0,29.7,9.3,27.0
07/11/1999,9.0,30.0,11.2,25.3
08/11/1999,1.7,20.6,6.0,7.5
09/11/1999,0.0,14.5,7.7,10.5
10/11/1999,0.0,16.7,8.6,12.4
11/11/1999,0.0,25.6,5.7,25.8
12/11/1999,0.0,29.1,8.4,25.6
13/11/1999,0.0,28.8,12.0,25.9
14/11/1999,0.0,28.9,12.6,27.3
15/11/1999,1.3,30.7,15.1,26.9
16/11/1999,0.0,29.6,16.8,18.1
17/11/1999,0.0,29.1,15.5,24.9
18/11/1999,0.0,31.7,15.6,27.5
19/11/1999,0.3,25.5,14.6,7.7
20/11/1999,0.0,18.5,13.4,7.7
21/11/1999,0.0,24.6,14.0,15.2
22/11/1999,0.0,25.0,13.6,18.8
23/11/1999,0.0,22.7,16.0,18.4
24/11/1999,1.6,27.5,10.5,21.7
25/11/1999,0.0,18.5,14.5,7.8
26/11/1999,1.3,27.5,9.4,22.0
27/11/1999,0.0,28.0,15.7,19.4
28/11/1999,2.5,29.5,13.2,24.0
29/11/1999,0.0,28.7,15.3,18.5
30/11/1999,0.0,30.6,18.9,26.4
01/12/1999,0.1,32.6,17.5,25.7
02/12/1999,0.0,21.8,14.7,8.3
03/12/1999,0.0,30.3,11.2,28.2
04/12/1999,0.0,32.6,13.6,27.5
05/12/1999,0.0,28.7,16.6,22.7
06/12/1999,0.0,18.6,11.1,8.1
07/12/1999,0.0,19.1,13.4,8.4
08/12/1999,0.0,24.4,10.4,18.7
09/12/1999,0.0,27.4,11.1,24.7
10/12/1999,0.0,26.1,16.0,13.4
11/12/1999,4.5,20.5,14.9,8.4
12/12/1999,0.0,24.8,13.3,19.0
13/12/1999,0.0,31.3,13.6,23.3
14/12/1999,0.1,30.0,15.2,17.6
15/12/1999,2.1,33.0,14.1,23.8
16/12/1999,0.0,32.0,13.4,23.6
17/12/1999,0.0,33.7,14.5,29.2
18/12/1999,0.0,36.7,18.4,27.2
19/12/1999,8.9,27.3,18.7,14.0
20/12/1999,0.0,29.4,18.1,19.0
21/12/1999,0.0,34.1,17.2,28.9
22/12/1999,1.1,27.9,17.5,8.7
23/12/1999,0.1,23.4,16.6,12.8
24/12/1999,22.5,26.3,17.1,12.8
25/12/1999,19.2,24.4,18.1,10.8
26/12/1999,0.0,30.4,19.0,22.9
27/12/1999,2.5,34.0,19.6,23.6
28/12/1999,4.2,29.7,18.6,17.6
29/12/1999,18.1,30.5,17.5,20.7
30/12/1999,10.8,27.6,17.0,17.8
31/12/1999,0.0,25.0,16.1,12.3
01/01/2000,0.0,23.2,18.1,11.1
02/01/2000,0.0,30.1,16.6,23.1
03/01/2000,1.1,30.3,14.6,27.2
04/01/2000,3.1,26.4,17.9,18.3
05/01/2000,3.3,28.3,15.6,22.8
06/01/2000,1.4,27.3,16.8,16.8
07/01/2000,0.0,28.9,15.6,20.9
08/01/2000,12.3,30.6,18.3,26.4
09/01/2000,0.0,26.2,17.2,19.9
10/01/2000,0.0,29.5,17.9,22.0
11/01/2000,0.0,31.1,18.6,20.1
12/01/2000,2.7,32.2,19.9,18.6
13/01/2000,7.9,30.0,20.3,17.9
14/01/2000,7.6,28.5,19.6,18.4
15/01/2000,0.0,25.6,16.9,13.6
16/01/2000,5.8,25.8,20.1,8.8
17/01/2000,22.2,22.0,17.2,7.8
18/01/2000,0.0,24.4,16.5,9.2
19/01/2000,0.0,27.5,15.6,22.7
20/01/2000,0.0,30.0,17.5,25.3
21/01/2000,14.5,32.4,16.8,24.6
22/01/2000,0.0,27.4,18.4,7.8
23/01/2000,1.2,22.3,15.9,8.5
24/01/2000,49.5,25.2,18.0,12.9
25/01/2000,1.1,24.8,17.4,13.8
26/01/2000,0.1,21.7,16.8,7.7
27/01/2000,0.7,21.7,17.0,9.1
28/01/2000,0.0,27.2,17.0,19.4
29/01/2000,6.7,27.0,19.0,22.3
30/01/2000,0.0,26.5,18.2,19.3
31/01/2000,3.5,28.0,16.1,23.9
01/02/2000,0.0,26.9,18.0,18.7
02/02/2000,41.3,30.1,20.0,16.2
03/02/2000,0.0,26.8,15.2,17.5
04/02/2000,0.0,26.5,13.7,26.2
05/02/2000,0.0,28.6,14.8,26.1
06/02/2000,13.8,29.6,17.1,21.0
07/02/2000,0.0,25.1,16.6,16.9
08/02/2000,0.0,27.6,18.5,19.1
09/02/2000,0.0,26.7,17.1,17.0
10/02/2000,14.6,29.8,18.8,19.4
11/02/2000,0.0,32.0,17.6,24.3
12/02/2000,33.3,32.7,17.5,26.1
13/02/2000,4.2,26.3,16.0,7.6
14/02/2000,3.5,16.9,12.5,7.4
15/02/2000,1.0,21.6,12.3,16.3
16/02/2000,0.0,24.0,14.7,18.0
17/02/2000,0.0,25.2,16.1,19.7
18/02/2000,0.2,24.3,13.9,15.2
19/02/2000,4.7,26.3,17.9,16.3
20/02/2000,9.7,21.4,16.5,7.2
21/02/2000,0.1,19.5,15.6,7.2
22/02/2000,0.0,24.2,15.3,15.6
23/02/2000,2.7,25.9,16.6,13.9
24/02/2000,21.6,25.6,17.7,12.3
25/02/2000,1.1,27.0,18.2,16.8
26/02/2000,0.0,27.3,18.8,18.0
27/02/2000,82.3,30.5,17.5,22.2
28/02/2000,0.0,19.3,13.5,7.0
29/02/2000,0.0,21.6,13.9,14.2
01/03/2000,0.0,23.1,15.0,11.2
02/03/2000,0.3,22.0,16.1,7.1
03/03/2000,0.0,24.7,17.7,12.5
04/03/2000,8.4,24.9,19.2,13.5
05/03/2000,19.8,25.5,18.4,11.4
06/03/2000,4.1,21.8,17.0,6.8
07/03/2000,6.6,24.6,17.6,10.4
08/03/2000,46.5,23.0,16.8,7.7
09/03/2000,9.1,21.6,15.0,10.8
10/03/2000,0.0,23.1,15.3,13.5
11/03/2000,0.7,24.6,16.8,8.4
12/03/2000,23.1,23.0,17.6,10.0
13/03/2000,4.9,24.4,16.7,14.1
14/03/2000,0.3,25.5,15.6,17.8
15/03/2000,0.0,22.1,17.1,7.5
16/03/2000,10.4,27.7,17.6,20.9
17/03/2000,0.2,21.0,16.5,7.0
18/03/2000,7.6,20.6,14.9,6.6
19/03/2000,0.0,19.9,15.9,7.5
20/03/2000,0.0,25.2,13.0,16.5
21/03/2000,45.2,25.1,17.8,8.4
22/03/2000,1.1,22.0,16.0,7.6
23/03/2000,0.0,24.7,17.5,7.9
24/03/2000,0.0,27.1,15.3,18.9
25/03/2000,0.0,25.2,16.9,13.0
26/03/2000,0.0,28.9,17.6,18.5
27/03/2000,3.8,25.0,10.0,12.7
28/03/2000,0.0,16.9,7.3,6.8
29/03/2000,0.0,18.2,7.6,11.6
30/03/2000,0.0,21.5,11.9,16.3
31/03/2000,0.0,18.95,11.0,18.8
01/04/2000,5.6,16.4,13.6,5.9
02/04/2000,1.4,18.2,13.7,6.0
03/04/2000,0.0,24.0,14.0,13.0
04/04/2000,0.0,22.1,15.3,6.3
05/04/2000,0.0,25.1,15.1,15.0
06/04/2000,5.9,24.7,18.0,11.4
07/04/2000,0.0,26.5,18.0,16.7
08/04/2000,0.6,26.1,18.3,9.6
09/04/2000,0.0,26.3,19.2,10.7
10/04/2000,0.0,29.0,19.3,15.5
11/04/2000,2.7,26.3,19.2,11.0
12/04/2000,0.1,20.0,14.0,5.5
13/04/2000,0.0,21.0,14.4,7.3
14/04/2000,0.0,23.8,14.4,17.2
15/04/2000,0.0,23.9,15.8,14.3
16/04/2000,1.8,20.8,15.7,6.1
17/04/2000,6.9,17.6,13.4,5.5
18/04/2000,0.0,19.4,10.2,12.1
19/04/2000,0.0,20.2,12.1,15.7
20/04/2000,0.0,20.4,8.6,15.3
21/04/2000,0.0,16.4,13.1,5.2
22/04/2000,0.0,21.8,13.5,14.6
23/04/2000,0.0,23.1,9.5,14.3
24/04/2000,0.0,23.3,11.2,13.9
25/04/2000,0.0,27.2,9.2,18.0
26/04/2000,0.0,25.2,12.1,11.8
27/04/2000,0.0,26.7,13.1,14.6
28/04/2000,0.3,22.8,15.2,5.5
29/04/2000,0.0,24.9,17.4,15.0
30/04/2000,0.0,26.3,17.3,14.3
01/05/2000,0.0,27.0,14.1,17.7
02/05/2000,0.2,21.5,14.2,8.4
03/05/2000,0.0,21.3,13.5,10.8
04/05/2000,1.2,13.6,7.9,4.7
05/05/2000,0.0,14.5,5.6,11.8
06/05/2000,0.0,19.4,1.2,16.4
07/05/2000,0.0,17.9,3.1,7.6
08/05/2000,0.0,15.0,9.1,4.8
09/05/2000,1.5,17.6,6.9,7.0
10/05/2000,0.2,13.0,10.6,4.6
11/05/2000,0.0,13.4,9.7,4.5
12/05/2000,0.0,15.6,10.9,4.5
13/05/2000,0.0,19.9,12.0,7.6
14/05/2000,0.0,18.9,12.0,4.6
15/05/2000,0.0,19.1,12.8,8.9
16/05/2000,0.0,18.4,7.6,14.4
17/05/2000,0.0,17.0,7.6,7.0
18/05/2000,0.1,11.7,7.9,4.4
19/05/2000,0.0,16.2,6.6,14.7
20/05/2000,0.0,12.1,3.6,4.3
21/05/2000,0.0,15.7,7.7,11.0
22/05/2000,0.0,19.6,8.8,12.5
23/05/2000,0.0,20.3,7.0,12.5
24/05/2000,0.0,22.7,6.4,15.4
25/05/2000,0.0,29.7,6.1,14.3
26/05/2000,0.0,19.2,7.3,9.4
27/05/2000,0.0,20.9,8.8,15.0
28/05/2000,0.0,18.5,9.8,6.8
29/05/2000,0.0,21.2,10.7,13.1
30/05/2000,2.6,15.0,11.8,4.3
31/05/2000,0.0,13.9,10.1,4.1
01/06/2000,0.0,11.5,8.1,4.1
02/06/2000,0.0,12.0,2.1,5.4
03/06/2000,0.0,20.1,2.1,11.1
04/06/2000,0.0,20.8,7.7,10.9
05/06/2000,0.0,23.5,4.6,10.0
06/06/2000,0.0,17.5,12.0,4.6
07/06/2000,0.0,18.1,12.0,6.3
08/06/2000,0.0,21.0,7.6,13.7
09/06/2000,0.0,20.1,9.0,12.8
10/06/2000,0.0,23.8,11.2,12.8
11/06/2000,0.0,18.2,10.0,10.8
12/06/2000,0.0,23.0,4.0,10.3
13/06/2000,0.6,29.7,3.1,13.4
14/06/2000,0.0,31.5,4.1,13.8
15/06/2000,0.6,26.5,6.0,11.6
16/06/2000,0.3,13.4,5.6,4.0
17/06/2000,0.2,8.5,3.8,4.0
18/06/2000,0.0,5.7,1.6,4.0
19/06/2000,0.0,6.0,1.7,4.0
20/06/2000,0.0,8.8,1.6,8.7
21/06/2000,0.0,20.9,-3.7,13.4
22/06/2000,0.0,24.2,-0.9,14.1
23/06/2000,0.0,26.9,2.9,7.5
24/06/2000,0.0,23.45,3.25,10.5
25/06/2000,0.0,20.0,3.6,13.5
26/06/2000,0.0,20.1,2.0,13.5
27/06/2000,0.0,21.0,2.0,13.9
28/06/2000,0.0,30.9,2.2,13.7
29/06/2000,0.0,18.2,9.3,5.2
30/06/2000,0.0,21.0,4.0,14.1
01/07/2000,0.0,31.1,5.9,10.4
02/07/2000,0.0,17.0,6.6,4.0
03/07/2000,0.0,17.0,6.9,9.9
04/07/2000,0.0,19.5,0.3,14.1
05/07/2000,0.0,23.2,1.5,14.1
06/07/2000,0.0,26.1,4.0,14.0
07/07/2000,0.0,26.9,5.0,14.3
08/07/2000,1.1,19.3,10.1,6.5
09/07/2000,2.8,12.1,4.3,4.1
10/07/2000,9.1,4.5,0.5,4.1
11/07/2000,1.4,2.0,-1.4,4.5
12/07/2000,0.0,2.4,-2.6,4.1
13/07/2000,0.0,7.2,-5.5,11.1
14/07/2000,0.0,14.4,-4.9,13.2
15/07/2000,0.0,15.3,-0.1,15.3
16/07/2000,0.0,14.1,-1.4,15.2
17/07/2000,0.0,15.2,-2.5,11.7
18/07/2000,0.0,14.0,1.0,11.7
19/07/2000,0.0,15.2,-1.5,15.4
20/07/2000,0.0,21.1,-1.9,15.0
21/07/2000,0.0,26.1,-0.5,15.6
22/07/2000,0.0,9.3,2.5,4.7
23/07/2000,0.0,19.1,-3.4,15.0
24/07/2000,0.0,23.7,-0.9,15.7
25/07/2000,0.0,22.3,1.3,16.4
26/07/2000,0.0,20.1,2.0,16.0
27/07/2000,0.0,24.6,2.0,16.4
28/07/2000,0.0,20.7,3.4,15.8
29/07/2000,0.0,17.8,4.5,10.9
30/07/2000,0.0,21.0,2.4,16.0
31/07/2000,0.0,22.7,2.1,16.2
01/08/2000,0.0,25.0,3.4,15.9
02/08/2000,0.0,23.0,4.9,14.8
03/08/2000,0.0,18.3,10.5,9.6
04/08/2000,0.0,16.3,9.8,7.0
05/08/2000,0.0,23.1,4.6,13.8
06/08/2000,0.0,27.2,4.2,16.7
07/08/2000,0.0,27.9,6.2,17.4
08/08/2000,0.0,28.5,8.6,17.6
09/08/2000,2.2,18.7,9.1,4.8
10/08/2000,0.3,9.9,4.2,4.8
11/08/2000,0.0,8.4,2.0,4.8
12/08/2000,0.0,13.5,1.1,14.0
13/08/2000,0.0,19.8,-2.5,16.8
14/08/2000,0.0,30.0,1.6,17.1
15/08/2000,0.0,20.9,4.5,17.7
16/08/2000,0.0,22.0,6.0,17.9
17/08/2000,0.0,26.9,4.0,17.7
18/08/2000,0.0,25.0,6.7,18.3
19/08/2000,0.0,30.1,8.0,17.7
20/08/2000,0.0,30.3,11.6,16.1
21/08/2000,0.0,29.8,12.5,18.7
22/08/2000,0.0,29.0,13.1,17.1
23/08/2000,0.0,25.2,14.0,17.5
24/08/2000,0.0,21.3,13.1,14.0
25/08/2000,0.0,18.1,8.6,12.0
26/08/2000,0.0,15.6,9.2,6.4
27/08/2000,0.0,24.0,2.2,18.0
28/08/2000,0.0,19.1,7.3,19.2
29/08/2000,0.0,25.4,3.1,19.0
30/08/2000,0.0,23.5,6.5,17.3
31/08/2000,0.0,15.1,7.4,5.5
01/09/2000,0.0,19.2,3.1,16.7
02/09/2000,0.0,21.1,1.6,19.0
03/09/2000,0.0,19.1,2.8,18.5
04/09/2000,0.0,21.6,3.0,19.1
05/09/2000,0.0,23.8,3.7,18.2
06/09/2000,0.0,25.0,7.2,19.7
07/09/2000,0.0,30.6,8.7,20.5
08/09/2000,0.0,29.9,10.5,16.8
09/09/2000,0.0,31.1,9.8,14.2
10/09/2000,0.0,36.0,12.5,18.9
11/09/2000,0.0,29.4,15.6,20.9
12/09/2000,0.0,22.2,7.8,20.3
13/09/2000,0.2,14.0,8.6,6.3
14/09/2000,0.0,11.0,3.7,7.3
15/09/2000,0.0,11.4,3.2,6.4
16/09/2000,0.0,16.9,1.1,15.5
17/09/2000,0.0,20.5,1.0,20.9
18/09/2000,0.0,29.6,3.9,17.9
19/09/2000,0.0,27.2,9.0,17.2
20/09/2000,0.0,34.2,9.9,20.2
21/09/2000,0.0,21.3,11.6,11.4
22/09/2000,0.0,22.7,3.7,22.1
23/09/2000,0.0,30.9,5.0,19.0
24/09/2000,0.0,19.1,9.9,6.4
25/09/2000,0.0,19.2,0.2,21.9
26/09/2000,0.0,22.4,3.2,22.0
27/09/2000,0.0,25.6,4.5,22.9
28/09/2000,0.0,26.8,6.4,22.6
29/09/2000,0.0,29.5,8.2,23.5
30/09/2000,0.0,31.1,11.9,19.3
01/10/2000,0.0,31.6,14.4,15.6
02/10/2000,0.0,32.1,16.5,18.7
03/10/2000,0.0,26.0,14.6,17.1
04/10/2000,0.0,23.0,10.2,21.7
05/10/2000,0.0,24.1,5.2,23.8
06/10/2000,0.0,26.6,7.4,23.9
07/10/2000,0.0,27.7,9.2,20.9
08/10/2000,0.0,29.7,15.2,23.1
09/10/2000,0.0,32.1,13.6,21.5
10/10/2000,0.0,24.7,13.9,17.3
11/10/2000,0.0,27.2,9.0,22.1
12/10/2000,0.0,33.2,10.0,19.7
13/10/2000,0.0,30.7,13.0,20.2
14/10/2000,0.6,21.6,15.2,7.0
15/10/2000,0.0,21.2,15.4,7.0
16/10/2000,0.0,22.2,15.9,7.7
17/10/2000,0.0,26.5,14.2,21.8
18/10/2000,0.0,24.0,16.3,11.0
19/10/2000,0.0,33.2,13.7,24.2
20/10/2000,0.0,32.0,16.5,20.6
21/10/2000,0.0,34.2,17.5,23.0
22/10/2000,21.6,35.5,18.3,12.4
23/10/2000,7.1,20.5,14.6,7.2
24/10/2000,1.8,20.0,14.1,7.7
25/10/2000,4.0,21.0,15.2,10.3
26/10/2000,0.0,24.2,15.6,14.8
27/10/2000,0.0,25.7,15.6,19.1
28/10/2000,4.6,23.8,11.7,14.9
29/10/2000,0.0,23.3,14.5,14.5
30/10/2000,0.0,28.0,10.2,26.4
31/10/2000,0.0,30.5,13.7,26.5
01/11/2000,2.2,31.4,15.6,24.1
02/11/2000,0.0,22.6,13.7,10.4
03/11/2000,0.0,26.0,11.2,23.1
04/11/2000,0.0,27.4,12.4,22.9
05/11/2000,2.1,25.1,17.5,18.7
06/11/2000,0.0,20.2,14.9,8.2
07/11/2000,0.0,26.9,16.1,23.3
08/11/2000,0.0,28.0,14.1,20.2
09/11/2000,4.2,24.5,16.9,14.5
10/11/2000,0.0,25.6,16.0,23.7
11/11/2000,0.0,28.9,14.8,24.0
12/11/2000,0.0,27.9,15.5,25.5
13/11/2000,1.7,22.4,15.7,18.5
14/11/2000,2.7,16.5,5.4,7.7
15/11/2000,0.0,16.2,6.7,16.8
16/11/2000,0.0,22.4,5.4,26.4
17/11/2000,0.0,26.7,7.5,27.6
18/11/2000,0.0,28.4,10.6,28.1
19/11/2000,12.2,32.4,12.3,26.5
20/11/2000,0.0,25.4,16.1,12.0
21/11/2000,0.0,27.5,14.2,23.5
22/11/2000,0.0,30.7,14.2,27.8
23/11/2000,1.6,32.2,17.6,27.9
24/11/2000,1.6,25.6,15.0,7.8
25/11/2000,0.0,20.7,13.0,7.8
26/11/2000,0.0,26.1,14.0,20.1
27/11/2000,0.0,31.7,13.9,25.9
28/11/2000,10.9,32.6,17.0,24.7
29/11/2000,0.0,21.7,15.8,10.2
30/11/2000,1.4,22.3,14.6,10.0
01/12/2000,0.0,22.4,14.2,11.9
02/12/2000,0.0,29.1,12.1,26.5
03/12/2000,0.1,29.7,16.0,25.1
04/12/2000,0.5,20.2,15.1,7.9
05/12/2000,0.0,27.6,15.1,20.1
06/12/2000,0.0,28.9,13.6,27.1
07/12/2000,14.0,30.3,15.1,20.4
08/12/2000,0.0,29.3,17.1,25.7
09/12/2000,28.9,30.5,18.6,16.1
10/12/2000,0.0,27.8,17.5,20.4
11/12/2000,19.5,31.6,17.7,21.6
12/12/2000,0.0,27.7,16.9,16.6
13/12/2000,1.6,31.1,19.1,19.0
14/12/2000,1.6,32.6,17.9,26.2
15/12/2000,7.1,28.8,18.0,20.7
16/12/2000,0.0,22.2,14.0,13.0
17/12/2000,0.0,28.0,13.6,28.0
18/12/2000,0.0,30.5,13.6,28.7
19/12/2000,0.0,29.2,14.5,23.4
20/12/2000,0.0,27.4,18.1,15.9
21/12/2000,0.0,31.2,15.2,27.0
22/12/2000,0.0,26.8,17.6,10.4
23/12/2000,2.3,26.3,13.6,12.8
24/12/2000,0.0,25.4,13.0,23.2
25/12/2000,0.0,30.7,13.6,28.0
26/12/2000,0.0,33.4,17.1,22.2
27/12/2000,5.5,36.4,19.1,21.7
28/12/2000,0.0,31.5,19.0,24.1
29/12/2000,130.0,28.9,14.1,13.2
30/12/2000,0.0,27.9,15.9,22.6
31/12/2000,0.0,26.1,16.9,16.8
